POINT_ID,SURVEY_SOIL_ORG_CULTIVATED,SURVEY_SOIL_ORG_DEPTH_P_CM,SURVEY_SOIL_ORG_DEPTH_N_CM,SURVEY_SOIL_ORG_DEPTH_E_CM,SURVEY_SOIL_ORG_DEPTH_S_CM,SURVEY_SOIL_ORG_DEPTH_W_CM,SURVEY_SOIL_ORG_DEPTH_P_40_CM,SURVEY_SOIL_ORG_DEPTH_N_40_CM,SURVEY_SOIL_ORG_DEPTH_E_40_CM,SURVEY_SOIL_ORG_DEPTH_S_40_CM,SURVEY_SOIL_ORG_DEPTH_W_40_CM,SURVEY_SOIL_ORG_TAKEN,SURVEY_SOIL_ORG_DEPTH_CANDO
27602150,1,,,,,,1,1,1,1,1,,1
27842394,2,,,,,,1,1,0,1,0,,1
27842416,2,18,23,,21,,0,0,0,0,0,,1
27942164,2,23,16,18,20,14,0,0,0,0,0,,1
28002400,1,,,,,,1,1,0,1,0,,1
28082404,2,30,37,36,,25,0,0,0,0,0,,1
28222378,2,,,,,,1,1,0,1,0,,1
28382290,2,8,6,,10,,0,0,0,0,0,,1
28402378,2,,,,,,1,1,0,1,0,,1
28442408,1,20,21,,21,,0,0,0,0,0,,1
28482386,2,26,33,,29,,0,0,0,0,0,,1
28562440,2,,,,,,1,1,0,1,0,,1
28602334,2,,,,,,1,1,0,1,0,,1
28602366,2,,,,28,,1,1,0,0,0,,1
28642366,2,,,,,,1,1,0,1,0,,1
28742394,2,21,19,,22,22,0,0,0,0,0,,1
28802368,2,,,,,,1,1,1,1,1,,1
28962438,2,7,5,,7,,0,0,0,0,0,,1
29002376,2,,,,,,1,1,1,1,1,,1
29142438,2,,,,,,1,1,1,1,1,,1
29202350,2,,,,,,1,1,1,1,1,,1
29342404,2,,,,,,1,1,1,1,1,,1
29482396,2,,,,,,1,1,0,1,0,,1
30002416,1,,,,,,1,1,0,1,0,,1
30542362,2,5,6,,4,,0,0,0,0,0,,1
30943536,2,15,15,0,13,0,0,0,0,0,0,,1
31003478,2,,40,,,,1,0,0,1,0,,1
31243506,2,,,0,,0,1,1,0,1,0,,1
31503550,2,,,0,,0,1,1,0,1,0,,1
31523558,2,20,41,41,,,0,0,0,0,0,,1
31783686,2,,0,0,,,1,0,0,1,1,,1
32182320,2,,,,,,1,1,0,1,0,,1
32243654,1,,0,,0,,1,0,1,0,1,,1
32262300,2,6,3,6,3,,0,0,0,0,0,,1
32283702,2,,,0,0,0,1,1,0,1,0,,1
32323650,1,20,25,0,20,0,0,0,0,0,0,,1
32323656,2,20,25,0,20,0,0,0,0,0,0,,1
32423468,2,10,5,0,10,0,0,0,0,0,0,,1
32522262,2,9,8,8,9,6,0,0,0,0,0,,1
32563608,1,20,25,0,25,0,0,0,0,0,0,,1
32863656,2,,,0,30,0,1,1,0,0,0,,1
33023682,2,,20,0,30,0,1,0,0,0,0,,1
33082864,2,20,22,23,21,23,0,0,0,0,0,,1
33362270,2,30,24,15,25,26,0,0,0,0,0,,1
33422866,2,8,7,,8,,0,0,0,0,0,,1
33443148,2,20,20,0,20,0,0,0,0,0,0,,1
33503744,2,15,0,0,15,20,0,0,0,0,0,,1
33643198,2,15,15,15,15,10,0,0,0,0,0,,1
33823392,2,5,5,10,,,0,0,0,0,0,,1
33863294,2,20,25,0,25,0,0,0,0,0,0,,1
33863630,2,25,0,30,40,0,0,0,0,0,0,,1
33883766,2,10,10,0,10,0,0,0,0,0,0,,1
33903630,2,,0,0,,,1,0,0,1,1,,1
33922836,2,18,18,,19,,0,0,0,0,0,,1
33983652,2,,,,,,1,0,0,1,1,,1
34103754,2,41,41,0,45,0,0,0,0,0,0,,1
34382782,2,7,4,8,6,9,0,0,0,0,0,,1
34383700,2,,,0,0,,1,1,0,0,1,,1
34623626,2,,20,20,0,0,1,0,0,0,0,,1
34722780,2,11,14,12,8,10,0,0,0,0,0,,1
34843782,2,20,15,0,10,0,0,0,0,0,0,,1
34923766,2,13,14,12,,,,,,,,,1
35062968,1,,,,,,1,1,0,1,0,,1
35203908,2,,,,,,1,1,1,0,0,,1
35223528,2,40,40,40,,,0,0,0,0,0,,1
35363916,2,5,5,,5,,,,,,,,1
35383866,2,,,,,0,1,1,1,1,0,,1
35403550,2,,40,,,,,,,,,,1
35563854,2,,,,,,1,1,1,1,1,,1
35684018,2,27,25,23,,,,,,,,,1
35823214,2,10,20,20,0,0,0,0,0,0,0,,1
35862884,2,10,10,6,15,10,0,0,0,0,0,,1
35903214,2,10,10,10,10,10,0,0,0,0,0,,1
36142788,2,17,11,9,0,0,0,0,0,0,0,,1
36162564,2,14,17,12,15,13,0,0,0,0,0,,1
36562582,2,25,20,15,20,25,0,0,0,0,0,,1
36822540,2,,,,,,1,1,0,1,0,,1
36983250,2,10,5,0,10,0,0,0,0,0,0,,1
37462420,2,30,30,,24,,0,0,0,0,0,,1
38422560,2,,17,15,18,,0,0,0,0,0,,1
38922584,2,15,,,15,15,0,0,0,0,0,,1
39102512,2,2,2,,2,,0,0,0,0,0,,1
39263086,2,9,10,,12,,0,0,0,0,0,,1
39442726,2,5,,4,,6,0,0,0,0,0,,1
39583216,1,40,40,,40,,0,0,,0,,,1
39622514,2,,,,,,1,0,1,0,1,,1
39642470,2,,30,,,,1,0,0,0,1,,1
39662496,2,,,,,,1,1,1,1,1,,1
39743148,2,25,16,,24,,0,0,0,0,0,,1
39802538,2,,20,20,20,20,1,0,0,0,0,,1
39882450,2,1,1,,,1,0,0,0,0,0,,1
39942574,2,13,15,20,20,30,0,0,0,0,0,,1
40122798,1,5,,,,,0,0,0,0,0,,1
40423056,2,16,15,,,30,0,0,0,0,0,,1
40563068,2,,12,,10,10,,,,,,,1
41183328,1,25,28,,30,,,,,,,,1
41243258,2,20,18,,40,,,,,0,,,1
41523334,1,40,40,,40,,,,,,,,1
41603104,2,17,15,,15,,0,,,,,,1
41603342,1,,,,,,1,1,,1,,,1
41782388,1,4,,5,,5,0,0,0,0,0,,1
41783288,2,5,25,,22,,,,,,,,1
41783356,2,40,40,,40,,0,0,,0,,,1
42183148,2,8,10,,10,,,,,,,,1
42243136,1,8,,,,,0,,,,,,1
42283356,1,,,,,,1,1,,1,,,1
42403344,1,0,0,,0,,,,,,,,1
42503180,1,6,,11,,8,,,,,,,1
42503186,1,16,14,,18,,,,,,,,1
42503342,1,,,,,,1,1,,1,,,1
42703640,2,2,2,2,2,2,,,,,,,1
42763506,1,30,20,,30,,,,,,,,1
42903450,1,,,,,15,1,,1,,,,1
43002704,2,,,,,,1,1,,1,,,1
43143802,1,25,25,25,25,25,,,,,,,1
43163742,2,20,20,40,40,20,,,0,0,,,1
43423190,2,10,8,,8,,,,,,,,1
43423808,2,25,25,25,25,25,,,,,,,1
43562776,1,,,,,,1,1,,1,0,,1
43663264,2,5,10,,10,,,,0,,0,,1
43802684,1,18,38,,18,,,,,,,,1
43802766,1,32,33,38,41,41,,,,0,0,,1
43942550,2,,,,,,1,0,0,1,1,,1
43962526,2,3,3,,2,,0,0,0,0,0,,1
44042690,2,10,11,9,13,12,,,,,,,1
44043946,2,41,41,,,41,,,,,,,1
44063962,2,41,41,41,,,,,,,,,1
44083936,2,41,20,,,20,,0,,,,,1
44142686,2,9,11,10,14,6,,,,,,,1
44143298,2,,,,,,1,1,1,1,1,,1
44163950,2,41,,41,41,,,,,,,,1
44304076,2,,,,,,1,1,,1,,,1
44343882,1,20,30,,,30,,,,,,,1
44343932,2,41,,41,41,,,,,,,,1
44384020,2,13,8,,4,,,,,,,,1
44464330,2,25,28,,30,,,,,,,,1
44483900,2,30,40,40,40,40,,0,0,0,0,,1
44483918,2,,,,,,1,1,,1,,,1
44564074,2,19,20,,15,,,,,,,,1
44564196,2,,,,,,1,1,,1,,,1
44604016,2,,,,,,1,1,1,1,1,,1
44604174,2,8,15,,22,,,,,,,,1
44644216,2,,,,,,1,1,,1,,,1
44644288,2,0,0,,3,,,,,,,,1
44644312,2,,,,,,1,1,,1,,,1
44662634,2,10,15,14,,12,0,0,0,0,0,,1
44663900,2,41,41,,41,,,,,,,,1
44663914,2,,,,,,,1,1,1,,,1
44704098,2,,,,,,1,,1,1,,,1
44743884,2,10,11,7,,,,,,,,,1
44744146,2,,,,,,1,1,,1,,,1
44744286,2,,,,,,1,1,,1,,,1
44763430,1,,,,,,1,1,1,1,1,,1
44804256,2,2,2,,2,,,,,,,,1
44823784,2,30,40,,30,,,,,,,,1
44844188,2,,,,,,1,1,,1,,,1
44844202,2,,,,,,1,1,,1,,,1
44864504,2,,,41,,41,,,,,,,1
44884264,2,25,27,,,22,,,,,,,1
44884300,2,,,,,,1,1,,1,,,1
44904150,2,,,,,,1,1,,1,,,1
44924218,2,,,,,,1,1,,1,,,1
44924250,2,,,,,,1,1,,1,,,1
44943808,2,,,,,,1,1,1,,,,1
44944234,2,0,3,,1,,,,,,,,1
44964210,2,,,,,,1,1,,1,,,1
44983792,2,10,7,10,,,,,,,,,1
44984184,2,,,,,,1,1,,1,0,,1
44984224,2,,,,,,1,1,,1,,,1
45024266,2,,,,,,1,1,1,,,,1
45083772,2,21,,27,20,,0,,0,0,,,1
45084168,2,,39,,,,1,,,1,,,1
45103668,2,17,21,24,13,10,,,,,,,1
45104262,2,7,6,,7,,,,,,,,1
45104524,2,41,41,,41,,,,,,,,1
45123798,2,,,,,,1,1,1,,,,1
45124198,2,,,,,,1,1,1,,,,1
45124216,2,,,4,4,22,,,,,,,1
45124366,2,41,41,41,41,41,,,,,,,1
45143742,2,,,,,,1,,1,1,,,1
45143760,2,,,,,,1,1,,1,,,1
45144124,2,10,11,,8,,,,,,,,1
45144178,2,,,,,,1,1,,1,,,1
45163900,2,17,11,10,,,,,,,,,1
45164476,2,41,41,,,41,,,,,,,1
45183928,2,23,19,,21,,,,,,,,1
45203744,2,20,,30,,20,,,,,,,1
45203896,2,13,20,,10,,,,,,,,1
45223676,2,33,27,33,24,35,,,,,,,1
45242564,2,,,,,,1,0,1,1,0,,1
45242722,1,41,41,,41,,,,,,,,1
45243760,2,,,,,,1,1,1,,,,1
45243778,2,30,,,30,30,,,,,,,1
45303802,2,,,,,,1,1,1,,,,1
45304198,2,,,,,,1,1,,1,,,1
45304234,2,1,8,1,,,,,,,,,1
45304456,2,41,41,,,41,,,,,,,1
45324052,2,24,33,,39,,,,,,,,1
45343720,2,20,,,20,25,,,,,,,1
45343824,2,12,,10,10,,,,,,,,1
45343878,2,25,,22,,41,,,,,,,1
45363718,2,23,,24,23,,,,,,,,1
45364072,2,,20,30,,,1,,,,,,1
45364600,2,,,,,,1,,1,,1,,1
45383780,2,,,,,,1,1,1,,,,1
45383878,2,7,6,,4,,,,,,,,1
45383972,2,11,11,,14,,,,,,,,1
45384152,2,,,,,,1,1,1,,,,1
45384472,2,41,,,41,41,,,,,,,1
45424490,2,41,41,,,41,,,,,,,1
45463704,2,,,,,,1,1,,1,1,,1
45463782,2,30,27,36,,,,,,,,,1
45463966,2,22,32,22,,,,,,,,,1
45483694,2,25,,25,,25,,,,,,,1
45483730,2,25,,,25,30,,,,,,,1
45484162,2,,,,,,1,1,1,,,,1
45504232,2,,,,,,1,1,,1,,,1
45504246,2,4,8,19,,,,,,,,,1
45504502,2,41,41,,41,,,,,,,,1
45523324,2,2,2,,2,,,,,,,,1
45523716,2,25,30,,30,,,,,,,,1
45523720,2,25,25,,20,,,,,,,,1
45523770,2,30,40,,40,,,0,0,0,,,1
45524418,1,,,,41,41,,,,,,,1
45524490,2,41,41,,,41,,,,,,,1
45524598,2,4,,,3,6,,,,,,,1
45524746,2,1,1,,1,,,,,,,,1
45543988,2,8,6,9,,,,,,,,,1
45563968,1,0,0,,0,,,,,,,,1
45563972,2,22,18,,3,,,,,,,,1
45564112,2,6,7,12,,,,,,,,,1
45584576,2,,4,,,,1,,,1,,,1
45603698,2,17,15,18,8,19,,,,,,,1
45604152,2,,,,,,1,1,1,,,,1
45604462,2,41,41,,41,,,,,,,,1
45643098,2,6,,,,5,,,,,,,1
45644136,1,,,,,,1,1,1,,,,1
45644236,2,0,0,30,,,,,,,,,1
45662938,2,6,7,,,7,,,,,,,1
45683638,2,,,,,,1,1,1,,,,1
45683670,2,,,23,25,15,,,,,,,1
45684264,2,,,,,,1,1,1,,,,1
45684484,2,41,,41,,41,,,,,,,1
45702780,1,7,11,,8,,,,,,,,1
45703720,2,20,10,,27,,,,,,,,1
45704188,2,,,,,,1,1,,1,,,1
45704242,2,10,15,,30,,,,0,,,,1
45724000,2,,,,,,1,1,,1,,,1
45742568,2,10,10,,10,,0,0,0,0,0,,1
45744008,2,12,,,18,13,,,,,,,1
45764414,2,41,41,,41,,,,,,,,1
45764630,2,,5,,,5,1,,,,,,1
45784130,2,,,,,,1,1,1,,,,1
45784174,2,,,,,,1,1,,1,,,1
45784670,2,15,5,,,4,,,,,,,1
45784746,2,8,5,,4,,,,,,,,1
45822828,2,4,5,3,5,3,,,,,,,1
45823686,2,5,12,,3,,,,,,,,1
45824316,2,41,41,41,41,41,,,,,,,1
45844198,2,8,10,,14,,,,,,,,1
45844294,2,41,41,41,41,41,,,,,,,1
45864066,2,5,15,8,,,,,,,,,1
45883738,2,20,25,20,,,,,,,,,1
45884530,2,,,,,,1,1,,,1,,1
45903754,2,,,,,,1,1,1,,,,1
45903844,2,20,,20,,20,,,,,,,1
45904000,2,37,,41,,41,0,,0,,0,,1
45904078,2,22,29,,,30,,,,,,,1
45904126,2,,,,,,1,1,1,,,,1
45923756,2,6,5,6,,,,,,,,,1
45924530,2,,,20,,5,1,,,,,,1
45943784,2,,,,,,1,1,1,0,,,1
45944144,2,20,20,,,15,,,,,,,1
45944666,2,2,2,3,,,,,,,,,1
45964058,2,15,10,14,,,,,,,,,1
46002900,2,18,17,,25,,,,,,,,1
46003740,2,11,7,13,,,,,,,,,1
46003894,2,,,,,,1,,1,,1,,1
46004196,2,,30,,36,,1,,,,,,1
46004452,2,,,,,,1,1,1,,,,1
46004610,2,30,,30,,20,,,,,,,1
46004640,2,3,7,,3,,,,,,,,1
46023718,2,20,20,,25,,,,,,,,1
46023838,2,20,20,20,,,,,,,,,1
46024108,2,17,26,40,20,22,,,,,,,1
46024420,2,20,10,,20,,,,,,,,1
46024708,2,10,10,,31,,,,,,,,1
46024720,2,2,5,,3,,,,,,,,1
46043058,2,,,,,,1,,,1,1,,1
46043868,2,,,,,,1,1,1,,,,1
46044606,2,2,3,,3,,,,,,,,1
46044700,2,3,,,4,6,,,,,,,1
46063684,2,,,,,,1,1,1,,,,1
46064040,2,,,,,,1,1,1,1,1,,1
46064098,2,16,14,10,,,,,,,,,1
46064580,2,20,15,,15,,,,,,,,1
46083988,2,,,,,,1,1,,1,,,1
46084600,2,5,4,,3,,,,,,,,1
46102852,2,12,28,,13,,,,,,,,1
46103702,2,,,,,,1,1,1,,,,1
46103738,2,12,10,8,,,,,,,,,1
46103878,2,13,13,14,,,,,,,,,1
46104554,2,,,,,,1,1,,1,,,1
46143994,2,,,,,,1,1,,1,,,1
46144030,2,13,12,13,,,,,,,,,1
46144062,2,10,10,,10,,,,,,,,1
46144472,2,5,3,10,23,41,,,,,0,,1
46144602,2,5,5,,5,,,,,,,,1
46163088,2,15,,17,10,,,,,,,,1
46163970,2,10,11,,7,,,,,,,,1
46183872,2,27,27,,25,,,,,,,,1
46183974,2,10,10,,9,,,,,,,,1
46184542,2,40,25,,40,,0,0,,0,,,1
46202584,2,10,20,15,15,15,0,0,0,0,0,,1
46203862,2,32,18,,18,,,,,,,,1
46203964,2,12,10,,11,,,,,,,,1
46204672,1,15,10,,5,,,,,,,,1
46223706,2,20,22,23,,,,,,,,,1
46223850,1,32,,29,,40,,,,0,0,,1
46224250,2,,,,,,1,1,,1,,,1
46224444,2,,10,5,10,,,,,,,,1
46224592,2,10,,,5,4,,,,,,,1
46244530,2,,30,,30,,1,,,,,,1
46263910,2,,,,,,1,,1,1,,,1
46263982,2,,,,30,,1,1,,,,,1
46264636,2,8,5,,5,,,,,,,,1
46283888,2,13,13,14,,,,,,,,,1
46284436,2,,,,,,1,1,,1,,,1
46303856,2,,,,,,1,1,,1,,,1
46303946,2,10,19,,14,,,,,,,,1
46304594,2,3,3,,5,,,,,,,,1
46323756,2,8,10,12,,,,,,,,,1
46323860,2,21,20,,21,,,,,,,,1
46323900,2,9,,,8,6,,,,,,,1
46323954,2,,,,,,1,1,,1,,,1
46324552,2,10,20,,5,,,,,,,,1
46343718,2,,,,,,1,1,,1,,,1
46363728,2,11,13,18,,,,,,,,,1
46363782,2,10,11,10,,,,,,,,,1
46364028,2,22,40,21,,,,,,,,,1
46364146,2,12,10,10,,,,,,,,,1
46364290,2,15,13,,,17,,,,,,,1
46364622,2,5,5,,5,,,,,,,,1
46383708,2,6,7,7,,,,,,,,,1
46383790,2,9,7,9,,,,,,,,,1
46383808,2,,,,,,1,1,1,,,,1
46384288,2,10,9,,10,,,,,,,,1
46403404,2,14,11,,15,,,,,,,,1
46403760,2,,,,,,1,1,1,0,,,1
46403800,2,,,,,,1,1,1,,,,1
46404012,2,,,,,,1,1,1,,,,1
46422762,2,6,3,6,8,7,,,,,,,1
46423788,2,9,12,9,,,,,,,,,1
46424602,2,,20,,25,,1,,,,,,1
46443448,1,,,,,,1,1,,1,,,1
46444288,2,9,,11,18,,,,,,,,1
46444342,2,12,10,13,,,,,,,,,1
46444702,2,31,22,,16,,,,,,,,1
46463828,2,3,4,8,,,,,,,,,1
46464140,1,40,25,20,16,28,,,,,,,1
46464292,2,3,,6,4,,,,,,,,1
46483856,2,17,,15,13,,,,,,,,1
46503706,2,12,10,7,,,,,,,,,1
46503716,2,,,,,,1,1,1,0,,,1
46504238,2,,,,,,1,1,1,,,,1
46522628,1,40,35,30,,,,,,,,,1
46523772,2,11,13,12,,,,,,,,,1
46543804,2,,,,,,1,1,0,1,,,1
46543926,2,17,22,24,,,,,,,,,1
46544236,2,7,22,,9,,,,,,,,1
46544286,2,,,,,,1,1,1,,,,1
46544574,2,5,10,,5,,,,,,,,1
46584268,2,,,,,,1,1,1,,,,1
46603720,2,10,9,14,,,,,,,,,1
46604310,2,,,,28,,1,,1,,,,1
46604796,2,,,,,,1,1,,1,,,1
46623916,2,15,23,16,15,13,,,,,,,1
46623964,1,38,35,20,,,,,,,,,1
46624108,2,,,,,,1,1,1,1,1,,1
46624330,2,6,,3,,8,,,,,,,1
46643918,2,24,22,,,28,,,,,,,1
46644206,2,6,8,11,,,,,,,,,1
46644248,2,4,5,14,,,,,,,,,1
46644580,2,,,,,,1,1,,1,,,1
46664432,2,41,41,41,,,,,,,,,1
46664558,2,10,10,,20,,,,,,,,1
46664594,2,15,10,,15,,,,,,,,1
46684188,2,,12,,14,17,,,,,,,1
46684436,2,41,41,41,,,,,,,,,1
46684616,2,,20,,,,1,,,1,,,1
46703970,2,11,25,18,16,11,,,,,,,1
46723938,2,10,10,,13,10,,,,,,,1
46724182,2,,8,11,6,7,,,,,,,1
46724550,1,,,,,,1,1,1,,,,1
46744240,2,21,20,36,,,,,,,,,1
46744276,2,30,23,13,,,,,,,,,1
46744302,2,,,,34,,1,1,,,,,1
46763706,2,8,10,9,,,,,,,,,1
46764196,2,,,,,,1,1,,1,,,1
46764246,2,,,,,,1,1,1,,,,1
46764264,2,13,9,15,,,,,,,,,1
46784278,2,,6,11,8,,,,,,,,1
46784292,2,,,,,,1,1,,1,,,1
46804126,2,4,6,,4,,,,,,,,1
46823810,2,8,9,,,8,,,,,,,1
46823996,2,,,,,,1,1,1,,,,1
46824490,2,0,0,0,0,0,,,,,,,1
46842974,2,5,3,,8,,,,,,,,1
46863688,2,,,,,,1,1,1,,,,1
46864112,2,7,11,,12,,,,,,,,1
46864156,2,,,,11,,,,,,,,1
46864206,2,7,12,6,,10,,,,,,,1
46864282,2,11,9,11,,,,,,,,,1
46864444,2,0,2,0,2,2,,,,,,,1
46864750,2,9,15,,27,,,,,,,,1
46884150,2,20,15,,10,,,,,,,,1
46903866,2,,,,,,1,1,1,,,,1
46903998,2,,,,,,1,1,1,,,,1
46904046,2,19,,23,21,,,,,,,,1
46904226,2,,,,,,1,1,,1,,,1
46904448,2,5,2,4,3,4,,,,,,,1
46904460,2,1,0,1,1,1,,,,,,,1
46904484,2,0,0,0,0,0,,,,,,,1
46923808,2,19,11,22,,,,,,,,,1
46923892,2,10,13,,,12,,,,,,,1
46924546,2,30,30,17,,,,,,,,,1
46942846,1,5,4,5,,,,,,,,,1
46943850,2,10,10,,,11,,,,,,,1
46944268,2,,,,,,1,1,1,,,,1
46944516,2,20,7,5,,,,,,,,,1
46944538,2,,,21,,,1,1,,1,1,,1
46963306,1,28,28,,28,,,,,,,,1
46963846,2,,,,,,1,1,1,,,,1
46964278,2,,,,,,1,1,1,,,,1
46964364,2,,,,,,1,1,1,1,1,,1
46982766,2,6,,,,,,,,,,,1
46983928,2,,,,,,1,1,1,,,,1
46984168,2,,,17,2,,,,,,,,1
46984252,2,17,9,12,,,,,,,,,1
46984636,2,,,,,,1,1,,1,,,1
47003968,2,13,15,35,,,,,,,,,1
47004152,2,26,15,,24,,,,,,,,1
47004620,2,,,,,,1,1,,1,0,,1
47004710,2,2,3,,8,,,,,,,,1
47024090,1,22,,,24,31,,,,,,,1
47024648,2,,,,,,1,1,1,1,1,,1
47043788,2,26,22,,,23,,,,,,,1
47044206,2,,,,,,1,1,,1,,,1
47044246,2,29,30,27,,,,,,,,,1
47044260,2,10,26,19,,,,,,,,,1
47044350,2,7,6,,9,,,,,,,,1
47044440,2,41,41,41,41,41,,,,,,,1
47044480,2,1,1,1,1,1,,,,,,,1
47044548,2,,,,,,1,1,1,1,1,,1
47044570,2,20,20,,20,,,,,,,,1
47044660,2,,,,,,1,1,1,1,1,,1
47082562,2,20,16,,18,,0,0,0,0,0,,1
47083048,2,7,5,,9,,,,,,,,1
47083830,2,19,39,,39,,,0,,0,,,1
47084196,2,,,,,,1,1,1,0,1,,1
47084448,2,41,41,41,41,41,,,,,,,1
47084488,2,36,26,36,32,21,,,,,,,1
47104078,2,14,11,,,4,,,,,,,1
47104230,2,19,20,,22,,,,,,,,1
47104518,2,,,,,,1,1,1,1,1,,1
47104672,2,17,26,,25,,,,,,,,1
47123836,2,20,,19,20,,,,,,,,1
47143068,2,8,9,14,,,,,,,,,1
47143954,2,11,16,12,,,,,,,,,1
47144130,2,,,,,,1,1,0,1,0,,1
47164216,2,15,16,,33,,,,,0,,,1
47164540,2,,,,,,1,1,1,1,,,1
47184476,2,0,0,0,0,0,,,,,,,1
47184572,2,10,15,,15,,,,,,,,1
47184602,2,30,20,,20,,,,,,,,1
47224120,2,35,35,,32,,,,,,,,1
47224454,2,5,6,1,3,5,,,,,,,1
47244024,2,,,,,,1,1,1,,,,1
47264160,2,30,35,30,15,,,,,,0,,1
47264416,2,23,15,13,,,,,,,,,1
47264650,2,,,,,,1,1,,1,,,1
47264686,2,,,,,,1,1,,1,,,1
47264704,2,,,,15,,1,1,,,,,1
47284486,2,8,30,12,5,6,,,,,,,1
47284770,2,8,5,,10,,,,,,,,1
47304120,2,25,28,,25,,,,,,,,1
47304588,2,2,2,,3,,,,,,,,1
47304682,2,6,9,,8,,,,,,,,1
47342596,2,,,,,,0,0,0,0,0,,1
47344504,2,19,15,15,19,21,,,,,,,1
47364554,2,,,,,,1,1,1,,,,1
47382614,2,6,7,5,7,4,0,0,0,0,0,,1
47384540,2,37,41,25,,,,0,,0,,,1
47402702,2,14,,,20,18,,,,0,0,,1
47404130,2,20,18,,25,,,,,,,,1
47404156,2,25,39,,,30,,,,,,,1
47404436,2,8,5,20,,,,,,,,,1
47404678,2,,,,,,1,1,,1,,,1
47404854,2,9,6,,10,,,,,,,,1
47443326,2,35,32,28,30,30,,,,,,,1
47444124,2,25,15,,20,,,,,,,,1
47464150,1,20,25,41,,,,,0,,,,1
47464464,2,10,1,2,,,,,,,,,1
47504526,2,5,20,12,,,,,,,,,1
47522710,1,15,,10,,15,,0,,0,,,1
47524150,2,19,10,,22,,,,,,,,1
47542970,2,13,,,18,18,,,,,,,1
47542978,2,7,,7,,7,,,,,,,1
47544130,2,10,15,,22,,,,,,,,1
47544854,2,9,8,,14,,,,,,,,1
47584120,2,5,10,,8,,,,,,,,1
47584494,2,10,10,20,16,20,,,,,,,1
47584660,2,11,17,,16,,,,,,,,1
47584850,2,,16,,7,,1,,,,,,1
47623092,2,,,,,,1,1,,1,,,1
47624704,2,3,1,,3,,,,,,,,1
47624848,2,7,22,,16,,,,,,,,1
47644068,2,,,,,8,,,,,,,1
47644756,2,4,3,,12,,,,,,,,1
47664156,2,21,23,,26,,,,,,,,1
47704864,2,8,7,,6,,,,,,,,1
47724116,2,19,19,,14,,,,,,,,1
47724140,1,18,23,,23,,,,,,,,1
47724158,2,22,19,,20,,,,,,,,1
47744090,2,11,,8,9,,,,,,,,1
47744096,2,4,6,,3,,,,,,,,1
47744126,2,5,4,,5,,,,,,,,1
47744144,2,7,8,,6,,,,,,,,1
47744522,1,39,39,40,,,,,,,,,1
47744792,2,,,,,,1,1,,1,0,,1
47744918,2,1,5,,6,,,,,,,,1
47764062,2,12,,,14,,,,,,,,1
47764076,2,5,5,,5,,,,,,,,1
47764156,2,15,15,,15,,,,,,,,1
47804160,2,23,20,,25,,,,,,,,1
47804506,2,35,40,40,30,39,,,,,,,1
47804712,1,,,,,,1,1,,1,,,1
47804758,2,10,11,,18,,,,,,,,1
47804820,2,5,4,,6,,,,,,,,1
47824024,2,9,12,14,7,,,,,,,,1
47824536,2,,,,,,1,1,1,1,1,,1
47824698,2,,,,,,1,1,,1,,,1
47844048,2,5,8,10,9,6,,,,,,,1
47844732,2,11,7,,12,,,,,,,,1
47864116,2,,,,,,1,1,,1,,,1
47864868,2,13,23,,17,,,,,,,,1
47884100,1,20,20,20,,,,,,,,,1
47884132,2,7,16,10,13,,,,,,,,1
47884558,2,24,40,31,,,,0,0,,,,1
47884654,2,,,,,,1,1,,1,,,1
47884996,2,4,3,,5,,,,,,,,1
47904908,2,,,,,,1,1,1,1,1,,1
47942086,2,15,15,16,17,15,0,0,0,0,0,,1
47944530,2,28,22,24,20,26,,,,,,,1
47944760,2,,,,,,1,1,,1,,,1
47984902,2,4,2,,2,,,,,,,,1
48004104,1,20,18,22,25,,,,,,,,1
48004522,2,13,14,10,10,14,,,,,,,1
48004600,2,,,,,,1,1,,1,,,1
48004986,2,20,10,,10,,,,,,,,1
48024138,2,20,18,,21,,,,,,,,1
48024538,2,20,23,12,15,24,,,,,,,1
48064546,2,20,10,10,,,,,,,,,1
48084098,2,26,24,,,21,,,,,,,1
48084698,2,,,,,,1,1,,1,,,1
48084764,2,9,17,,13,,,,,,,,1
48084886,2,10,11,,14,,,,,,,,1
48123828,2,32,40,,31,,,0,0,,,,1
48124868,2,,,,,,1,1,1,1,1,,1
48164838,2,13,,15,9,,,,,,,,1
48183838,2,37,40,,35,,,0,,,,,1
48184608,2,22,38,30,,,,,,,,,1
48204804,2,15,14,,9,,,,,,,,1
48205038,2,13,12,,15,,,,,,,,1
48222100,2,14,12,14,11,13,0,0,0,0,0,,1
48224112,2,13,17,14,,,,,,,,,1
48224908,2,8,10,,9,,,,,,,,1
48264548,2,12,8,12,11,9,,,,,,,1
48264638,2,,17,33,,18,1,,,1,,,1
48264962,2,,,,,,1,1,1,1,1,,1
48303040,2,15,35,,,14,,,,,,,1
48304588,2,20,26,18,12,20,,,,,,,1
48304692,2,11,13,,12,,,,,,,,1
48344622,2,8,16,,4,,,,,,,,1
48344646,2,13,15,,11,,,,,,,,1
48364684,2,4,5,,7,,,,,,,,1
48364990,2,14,9,,14,,,,,,,,1
48404692,2,6,14,,18,,,,,,,,1
48404886,2,7,8,,6,,,,,,,,1
48424582,2,,,,,,1,1,1,1,1,,1
48443000,2,11,,,11,12,,,,,,,1
48444854,2,7,7,,7,,,,,,,,1
48464702,2,13,14,,16,,,,,,,,1
48464972,2,,,,,,1,1,1,1,1,,1
48524758,2,16,13,,10,,,,,,,,1
48524838,2,28,18,,39,,,,,,,,1
48524898,2,,,,,,1,1,,1,,,1
48544698,2,8,7,,9,,,,,,,,1
48544798,2,5,5,,6,,,,,,,,1
48544816,2,,,,,,1,1,,1,,,1
48544950,2,8,15,,12,,,,,,,,1
48564930,2,,,,,,1,1,,1,,,1
48565074,2,,,,25,,1,1,,,,,1
48584620,2,4,6,,27,,,,,,,,1
48604654,2,,,,,,1,1,,1,,,1
48623348,2,32,35,33,34,32,,,,,,,1
48644630,2,,,,,,1,1,,1,,,1
48644756,2,15,14,,25,,,,,,,,1
48664768,2,20,21,,33,,,,,,,,1
48664796,2,11,9,,6,,,,,,,,1
48704820,2,20,20,,15,,,,,,,,1
48704956,2,,,,,,1,1,,1,,,1
48724636,2,,,,,,1,1,,1,,,1
48724996,2,,,,,,1,1,1,1,1,,1
48743116,2,15,20,,17,,,,,,,,1
48784936,2,,,,,,1,1,1,1,1,,1
48865014,2,8,11,,6,,,,,,,,1
48924916,2,,,,,,1,1,,1,,,1
49004900,2,5,7,,6,,,,,,,,1
49024904,2,,,,,,1,1,,1,,,1
49064488,2,21,18,,23,,,,,,,,1
49064982,2,,,,,,1,1,,1,,,1
49104966,2,8,9,,7,,,,,,,,1
49144846,2,12,20,17,10,25,,,,,,,1
49144936,2,,,,,,1,1,,1,,,1
49164932,2,5,3,,2,,,,,,,,1
49183244,1,30,30,20,25,35,,,,,,,1
49204444,1,,,,,,1,1,,1,,,1
49204796,2,10,8,,,41,,,,,0,,1
49243210,2,18,25,,16,,,,,,,,1
49244874,2,27,17,,23,,,,,,,,1
49284862,2,1,5,,7,,,,,,,,1
49284876,2,2,1,,4,,,,,,,,1
49324888,2,4,2,,1,,,,,,,,1
49344436,2,35,30,,30,,,,,,,,1
49344890,2,,,,,,1,1,,1,,,1
49384534,2,10,17,,16,,,,,,,,1
49384832,2,,,,,,1,1,,1,,,1
49404266,1,13,11,,13,,,,,,,,1
49423254,1,38,37,,39,,,,,,,,1
49423480,1,27,19,,15,,,,,,,,1
49424542,2,23,26,,16,,,,,,,,1
49424820,2,,,,35,,1,1,,,,,1
49424830,2,,,,,,1,1,,1,,,1
49444528,2,27,36,,33,,,,,,,,1
49444846,2,3,5,,14,,,,,,,,1
49464498,2,,,,,,1,1,,1,,,1
49464876,2,15,13,,12,,,,,,,,1
49484292,2,7,7,,7,,,,,,,,1
49484508,2,,,,,,1,1,,1,,,1
49504810,2,,,,,,1,1,,1,0,,1
49522970,2,20,20,,,15,,,,,,,1
49524278,1,5,,5,,3,,,,,,,1
49524418,2,10,5,,10,,,,,,,,1
49524584,2,22,25,,22,,,,,,,,1
49565214,2,18,8,,10,,,,,,,,1
49604542,2,,,,,,1,1,0,1,0,,1
49604884,1,,,,,,1,1,,1,,,1
49624302,1,29,27,26,,,,,,,,,1
49644300,2,20,,,,,,,,,,,1
49664350,1,,,,,,1,1,,1,,,1
49664530,2,18,18,,15,,,,,,,,1
49664566,2,30,30,,25,,,,,,,,1
49684306,2,,,24,,,0,,,,,,1
49684522,2,23,23,,19,,,,,,,,1
49684564,1,30,26,,30,,,,,,,,1
49684592,2,19,22,,18,,,,,,,,1
49704256,2,3,10,3,,,,,,,,,1
49724528,1,34,22,,26,,,,,,,,1
49744314,2,,,,,,1,,1,,1,,1
49744332,2,15,15,15,15,15,,,,,,,1
49744598,2,17,14,,14,,,,,,,,1
49763448,2,,,,,,1,1,,1,,,1
49764590,1,14,17,,19,,,,,,,,1
49782678,1,5,,5,5,,,,,,,,1
49784244,2,24,23,,24,,,,,,,,1
49784290,2,,,30,27,,,,,,,,1
49784460,2,16,23,,10,,,,,,,,1
49822900,2,10,5,5,7,10,,,,,,,1
49824264,2,21,,,,,,0,,0,,,1
49824430,2,34,,31,,42,,,,,0,,1
49844400,2,,,,,,1,1,,1,,,1
49844512,2,19,26,,27,,,,,,,,1
49844598,2,,,,,,1,1,1,,,,1
49862930,2,20,20,15,20,20,,,,,,,1
49883468,2,,,,,,1,1,,1,,,1
49884544,2,18,10,,18,,,,,,,,1
49904342,2,8,12,,9,,0,0,,0,0,,1
49924350,2,8,20,,5,,,,,,,,1
49964200,2,8,9,,6,,,,,,,,1
49964622,2,,,,,,1,,,1,1,,1
49964636,2,31,,33,,40,,,,,0,,1
49984456,2,,,,,,1,1,1,,,,1
50004552,2,35,38,35,,,,,,,,,1
50024562,1,,,,,,1,1,,1,,,1
50024584,2,,,,,,1,1,,1,,,1
50024598,2,40,40,,38,,,,,,,,1
50024652,2,20,17,,,8,,,,,,,1
50044612,2,,,,,,1,1,,1,,,1
50044630,2,32,20,34,,,,,,,,,1
50044640,1,28,21,26,,,,,,,,,1
50063396,2,,,,,,1,1,,1,,,1
50064428,2,18,22,,21,,,,,,,,1
50064620,2,,,,,,1,1,,1,,,1
50083792,2,21,37,,,31,,,,,,,1
50084338,1,1,1,,1,,,,,,,,1
50104670,2,27,23,,28,,,,,,,,1
50123124,2,16,14,,16,,,,,,,,1
50144226,2,15,14,15,15,20,,,,,,,1
50164564,2,,,,,,1,1,,1,,,1
50164594,1,32,32,,33,,,,,,,,1
50164954,2,3,18,,5,,,,0,,0,,1
50224522,2,,,,,,1,1,,1,,,1
50224612,2,26,22,,23,,,,,,,,1
50244248,2,13,5,,30,,,,,,,,1
50244500,2,10,10,34,11,9,,,,,,,1
50244544,1,,,,,,1,1,,1,,,1
50244572,2,,,,,,1,1,,1,,,1
50265008,2,15,25,,11,,,,,,,,1
50283482,2,5,7,,8,,,,,,,,1
50284436,2,9,8,,9,,,,,,,,1
50284502,1,0,0,,0,,,,,,,,1
50284508,2,12,9,,9,,,,,,,,1
50284620,2,27,40,,24,,,0,,,,,1
50324178,2,10,7,7,10,,,,,,,,1
50324538,2,30,34,,20,,,,,,,,1
50324550,2,,,,,,1,1,1,1,1,,1
50324560,2,,,,,,1,1,1,1,1,,1
50343746,2,,,,,,1,1,0,1,0,,1
50343782,2,11,6,,15,,,,,,,,1
50343800,2,,,,,,1,1,1,,,,1
50345050,2,18,41,,41,,,0,0,0,,,1
50362590,2,40,,,,,0,,,,0,,1
50364606,1,1,1,,1,,,,,0,,,1
50364678,2,,,,,,1,1,1,0,,,1
50364808,2,40,36,,39,,,,,,,,1
50383432,2,13,13,,13,,,,,,,,1
50384652,2,10,4,18,,,,,,,,,1
50424278,2,23,22,,27,,,,,,,,1
50424544,2,,,,,,1,0,1,1,,,1
50444180,2,23,23,,23,,,,,,,,1
50444630,2,14,40,,8,,,0,,,,,1
50464192,2,7,,5,,12,,,,,,,1
50464624,2,18,25,,19,,,,,,,,1
50464688,2,,,,,,1,0,1,1,,,1
50464692,1,,,,,,1,1,,1,,,1
50484402,2,9,6,,6,,,,,,,,1
50484438,2,,29,,18,,1,,,,,,1
50484564,2,,,,,,1,0,,1,1,,1
50484654,2,,,,,,1,1,,1,,,1
50503900,2,12,20,,13,,,,,,,,1
50524420,2,,,,,,1,1,,1,,,1
50524662,1,,,,,,1,1,,1,,,1
50544448,2,35,41,,41,,,0,,0,,,1
50544534,2,,,,,,1,1,,1,,,1
50564638,2,3,,25,10,,,,,,,,1
50584618,1,1,1,,1,,0,0,,0,,,1
50604436,2,11,,,10,20,0,,,0,0,,1
50604518,2,15,,19,,13,,,,,,,1
50604656,2,19,16,30,,,,,,,,,1
50604770,2,25,27,,19,,,,,,,,1
50604976,2,,,,,,1,1,,1,,,1
50624702,1,18,19,,19,,,,,,,,1
50643400,2,,,,,,1,1,,1,,,1
50644764,2,30,35,,39,,,,,,,,1
50664600,2,40,40,,35,,,0,,,,,1
50664618,2,21,5,,12,,,,,,,,1
50683798,2,32,27,,24,,,,,,,,1
50684628,2,,,,,,1,1,,1,,,1
50724214,2,11,9,9,,,,,,,,,1
50724246,2,11,15,,15,,,,,,,,1
50724286,2,25,,,,,,,,,,,1
50724376,2,,,,,,,1,1,,,,1
50744220,2,26,25,12,,,,,,,,,1
50744296,2,,,,,,,,1,,,,1
50744692,2,29,13,,30,,,,,,,,1
50744728,2,13,1,,,12,,,,,,,1
50764612,1,25,30,,28,,,,,,,,1
50784626,2,11,11,,18,,,,,,,,1
50784800,2,25,25,,9,,,,,,,,1
50804270,2,,,,,,1,1,,1,,,1
50824170,2,5,5,,6,,,,,,,,1
50843358,1,,,,,,1,1,,1,,,1
50844186,2,20,12,,,20,,,,,,,1
50844708,2,23,2,,15,,,,,,,,1
50864196,2,7,,,11,12,,,,,,,1
50864388,2,16,15,,12,,,,,,,,1
50864658,2,11,10,,30,,,,,,,,1
50904246,2,11,,20,,15,,,,,,,1
50904714,2,,,,,,1,1,,1,,,1
50924310,2,5,6,,7,,,,,,,,1
50924566,1,,,,,,1,1,,1,,,1
50924764,2,5,5,,3,,,,,,,,1
50944648,2,1,16,,,18,,,,,,,1
50963718,1,,,,,,1,1,,1,,,1
50964832,2,,,,,,1,1,,1,,,1
50983316,2,30,30,,30,,,,,,,,1
51004246,2,23,25,,25,,,,,,,,1
51004598,2,,,,,,1,1,0,1,0,,1
51004710,2,13,15,,18,,,,,,,,1
51004732,2,,,,,,1,1,,1,,,1
51004742,2,,,,,,1,1,,1,,,1
51024708,2,,,,,,1,1,,1,,,1
51044200,2,6,9,,8,,,,,,,,1
51044218,2,5,8,,5,,,,,,,,1
51044344,2,9,7,,8,,,,,,,,1
51044692,1,,,,,,1,1,,1,,,1
51044754,2,8,5,,1,,,,,,,,1
51044766,2,8,19,,20,,,,,,,,1
51064330,2,6,5,,6,,,,,,,,1
51084772,2,,,,,,1,0,,1,1,,1
51103642,2,8,11,,14,,,,,,,,1
51103668,1,35,25,,30,,,,,,,,1
51104260,1,10,10,,10,,,,,,,,1
51104512,2,14,19,,16,,,,,,,,1
51104602,2,26,25,,25,,,,,,,,1
51104620,2,,,,10,,1,1,,0,,,1
51124738,2,,,,,,1,1,,1,,,1
51144410,2,27,,41,16,,,0,0,,,,1
51144536,2,,,,,,1,1,,,1,,1
51163280,2,10,10,10,10,10,,,,,,,1
51164450,2,,,,,,1,0,,1,1,,1
51184260,2,7,,6,,7,,,,,,,1
51184746,2,,,,,,1,1,,1,,,1
51224358,2,7,,10,,9,,,,,,,1
51224484,2,8,9,,12,,,,,,,,1
51244204,2,7,4,,8,,,,,,,,1
51244306,2,15,,,41,25,,,,0,,,1
51244342,2,20,15,10,20,20,,,,,,,1
51264012,2,37,35,,34,,0,,,0,,,1
51264520,2,29,11,,30,,,,,,,,1
51264588,2,16,21,,17,,,,,,,,1
51264736,2,,,,,,1,1,,1,,,1
51284710,2,18,24,,25,,,,,,,,1
51324788,2,,,,,,1,1,,1,,,1
51344618,1,18,18,18,,18,,,,,,,1
51344666,2,23,20,,40,,,,,,,,1
51364282,2,1,5,20,20,35,,,,,,,1
51364706,1,,,,,,1,1,,1,,,1
51364724,2,,,,,,1,1,,1,,,1
51403440,1,,,,,,1,0,,0,0,,1
51404250,2,19,13,,13,,,,,,,,1
51404766,2,,,,,,1,1,,1,,,1
51423746,2,18,20,,13,,,,,,,,1
51424546,2,17,15,,20,,,,,,,,1
51424726,2,15,17,,1,,,,,,,,1
51444480,2,,,,,,0,1,0,1,1,,1
51483406,1,,,,,,1,1,1,1,1,,1
51484576,2,18,17,,20,,,,,,,,1
51503414,1,,,,,,1,1,0,1,0,,1
51524072,2,,,,,,1,1,0,1,,,1
51524306,2,3,,,2,2,,,,,,,1
51524558,2,15,20,,13,,,,,,,,1
51544350,2,5,15,,15,,,,,,,,1
51544512,2,7,9,,12,,,,,,,,1
51544728,2,33,21,,22,,,,,,,,1
51564222,2,8,16,,18,,,,,,,,1
51584250,2,,,,9,,1,1,,,,,1
51584602,2,22,30,,30,,,,,,,,1
51584736,2,18,22,,22,,,,,,,,1
51603714,2,,,,,,1,1,,1,,,1
51623490,1,8,8,8,8,8,,,,,,,1
51624808,2,34,23,,30,,,,,,,,1
51643122,2,10,11,,9,,,,,,,,1
51644130,2,25,38,,32,,,,,,,,1
51644404,2,37,25,,,22,,,,,,,1
51644458,2,10,,,8,7,,,,,,,1
51644526,2,14,13,,13,,,,,,,,1
51644548,2,,,,,,1,1,,1,,,1
51644724,2,12,,13,,17,,,,,,,1
51663832,2,,,,,,1,1,,1,,,1
51664234,2,16,,10,10,,,,,,,,1
51664288,2,2,2,,3,,,,,,,,1
51664756,2,6,7,,7,,,,,,,,1
51683234,2,55,55,,55,,0,0,,0,,,1
51684368,2,26,26,,26,,,,,,,,1
51724004,2,8,10,,6,,,,,,,,1
51724242,2,34,,,8,17,,,,,,,1
51724638,1,30,30,,30,,,,,,,,1
51744852,2,20,25,12,14,23,,,,,,,1
51763582,2,,,,,,1,1,,1,,,1
51764034,2,,,,,,1,1,,1,,,1
51764124,1,,,,,,1,1,,1,,,1
51764578,2,20,13,,10,,,,,,,,1
51783832,2,,,,,,1,1,,1,0,,1
51784294,2,20,16,20,13,20,,,,,,,1
51824584,2,22,15,,18,,,,,,,,1
51843982,2,8,8,,22,,,,,,,,1
51844252,2,17,20,,12,,,,,,,,1
51844828,2,38,41,25,41,41,,0,,0,0,,1
51883828,2,,35,,35,,1,,,,,,1
51904292,2,13,25,,19,,,,,,,,1
51924780,2,6,8,,8,,,,,,,,1
51943950,2,26,23,,24,,,,,,,,1
51944074,1,14,20,,18,,,,,,,,1
51944092,2,,,,,,1,1,,1,,,1
51944110,2,,,,,,1,1,1,,,,1
51944430,2,7,5,13,,,,,,,,,1
51963988,2,,,,,,1,1,,1,,,1
51964006,2,,,,,,1,1,,1,,,1
51984534,2,10,3,,10,,,,,,,,1
52004440,2,40,,,5,10,,0,0,,,,1
52024846,2,13,13,10,10,9,,,,,,,1
52043826,2,,,,,,1,,1,1,,,1
52044278,2,24,15,,3,,,,,,,,1
52044292,2,9,6,,4,,,,,,,,1
52044374,2,,10,7,16,,,,,,,,1
52064522,2,,,,,,1,1,,1,,,1
52064576,2,7,15,9,,,,,,0,,,1
52064590,1,1,1,,1,,,,,,,,1
52083230,2,,,,,,1,,,,,,1
52084098,2,,,,,,1,1,,1,,,1
52124064,2,23,26,,31,,,,,,,,1
52124682,2,,,,,,1,1,1,1,1,,1
52124730,2,10,14,,13,,,,,,,,1
52124784,2,15,18,13,8,19,,,,,,,1
52144060,2,,,,,,1,1,,1,,,1
52144546,2,20,18,25,20,16,,,,,,,1
52144852,2,,,,,,1,1,1,1,1,,1
52163682,2,,,,,,1,1,,1,,,1
52164480,2,,,28,,,1,,,1,,,1
52164840,2,30,35,30,32,30,,,,,,,1
52184256,2,,35,,21,,1,,,,,,1
52204108,2,,,,,,1,,1,1,,,1
52224296,2,,31,,40,,1,,,,,,1
52224392,2,13,10,14,,,,,,,,,1
52224410,2,17,,25,18,,,,,,,,1
52224440,2,19,18,18,,,,,,,,,1
52224544,2,15,17,18,17,19,,,,,,,1
52224688,2,20,10,,,10,,,,,,,1
52243816,2,13,23,,15,,,,,,,,1
52244648,2,,,,,,1,1,,1,,,1
52264066,2,35,32,45,,,,,0,,,,1
52264408,2,6,,,23,12,,,,,,,1
52264728,2,,,,,,1,1,,1,,,1
52283948,2,,,,,,1,1,1,,,,1
52284438,2,20,,,40,40,,,,0,0,,1
52284564,2,15,20,,15,,,,,,,,1
52284582,2,30,25,,20,,,,,,,,1
52304502,2,19,,,16,18,0,,,0,,,1
52304776,2,23,15,16,20,15,,,,,,,1
52323822,2,,,,,,1,1,,1,,,1
52324366,2,,,,,,1,1,1,,,,1
52343772,2,,38,,,,1,,,1,,,1
52344462,2,10,8,,8,,,,,,,,1
52344790,2,,,,,,1,1,1,1,1,,1
52403700,2,,,,,,1,1,,1,,,1
52404076,2,,,,,,,1,1,1,,,1
52404386,2,16,15,,12,,,,,,,,1
52423856,2,20,18,,,21,,,,,,,1
52424756,2,,,38,,,1,1,,,,,1
52444710,2,20,22,,35,,,,,,,,1
52444746,2,15,18,,25,,,,,,,,1
52464474,2,6,7,5,8,6,,,,,,,1
52464546,2,4,4,4,,,,,,,,,1
52464744,2,30,,27,,35,,,,0,,,1
52483152,1,,,,,,1,1,,1,,,1
52483720,2,,,,,,1,1,,1,,,1
52484034,2,30,22,,45,,,,,0,,,1
52484272,2,,,,,,1,1,,1,,,1
52484448,2,8,9,,9,,,,,,,,1
52484488,2,,,,,,1,,1,,1,,1
52484556,2,9,17,,14,,,,,,,,1
52524588,2,18,12,,18,,,,,,,,1
52544508,2,25,,13,5,30,,0,,,,,1
52604648,2,11,7,,13,,,,,,,,1
52624130,2,,,,,,1,1,1,,,,1
52624278,2,32,32,,34,,,,,,,,1
52624328,1,1,1,,1,,0,0,,0,,,1
52624724,2,12,11,,14,,,,,,,,1
52643988,2,,,,,,1,1,1,,,,1
52663792,2,,,,,,1,1,,1,,,1
52663878,2,,,,,,1,1,,1,,,1
52664676,2,14,26,,12,,,,,,,,1
52683580,1,,,,,,1,1,,1,,,1
52683796,2,27,25,,27,,,,,,,,1
52684054,2,31,,34,31,,,,,,,,1
52684456,2,16,10,,13,,,,,,,,1
52703664,2,37,35,,,,,,,,,,1
52723812,2,16,25,,20,,,,,,,,1
52724094,2,,,,,,1,1,1,,,,1
52724350,2,9,12,,5,,,,,,,,1
52744108,2,,25,,46,20,,,,,,,1
52744114,2,10,,,8,10,,,,,,,1
52744126,2,33,,30,,36,,,,,,,1
52764058,2,,,,,,1,1,,1,,,1
52764680,2,9,10,,15,,,,,,,,1
52804044,2,,,,,,1,1,1,,,,1
52804544,2,,,,,,1,0,1,1,,,1
52823656,2,,,,,,1,1,,1,,,1
52824618,2,22,8,,15,,,,,,,,1
52824672,2,21,21,,25,,,,,,,,1
52903740,2,20,28,,25,,,,,,,,1
52903990,2,5,4,,5,,,,,,,,1
52904490,2,11,19,,12,,,,,,,,1
52924558,2,7,8,,13,,,,,,,,1
52924612,2,6,4,,8,,,,,,,,1
52944068,2,29,36,,41,,0,,,0,,,1
52944590,2,,,,,37,1,,1,,,,1
52963834,2,,,,,,1,1,,1,,,1
52964324,2,,,,,,1,1,,1,,,1
52984030,1,23,28,,26,,,,,,,,1
53003714,2,,,,,,1,1,,1,,,1
53004546,2,7,9,,8,,,,,,,,1
53023672,2,,,,,,1,1,,1,,,1
53024506,2,4,4,5,,,,,,,,,1
53044018,2,36,,,32,29,,,,,,,1
53044140,1,33,29,,37,,,,,,,,1
53063664,2,,,,,,1,1,,1,,,1
53064142,2,,,,,,1,1,,1,,,1
53064642,2,,,,,,1,1,1,1,1,,1
53084148,2,,,,,,1,1,0,1,,,1
53121718,1,,,,,,1,1,0,1,0,,1
53124130,2,29,37,20,,,,,,,,,1
53124644,2,20,20,,20,,,,,,,,1
53204560,2,14,8,,7,,,,,,,,1
53223988,2,10,,,10,12,,,,,,,1
53263876,2,15,11,,12,,,,,,,,1
53263920,2,,,,,,1,1,,1,,,1
53264382,2,,,,,,1,1,,1,,,1
53264616,2,8,8,,6,,,,,,,,1
53303934,2,,,,,,1,1,,1,,,1
53304598,2,10,9,,12,,,,,,,,1
53304626,2,10,14,19,10,15,,,,,,,1
53323834,2,,,,,,1,1,,1,,,1
53323928,2,,,,,,1,1,,1,,,1
53344166,2,27,,,31,37,,,,,,,1
53344408,2,30,6,,30,,,,,,,,1
53363876,2,15,,,20,21,,,,,,,1
53363894,2,8,,16,14,,,,,,,,1
53423808,2,,,,,,1,1,1,,,,1
53424498,2,8,7,,11,,,,,,,,1
53424516,1,0,0,,0,,,,,,,,1
53443776,2,,,,,,1,1,1,,,,1
53464576,2,,,12,12,10,,,,,,,1
53563806,2,,,,,,1,1,1,,,,1
53564484,2,,,,,,1,,1,,1,,1
53663898,2,14,12,,13,,,,,,,,1
53743906,2,,,,,,1,1,,1,,,1
53844580,2,8,6,,12,,,,,,,,1
53903832,2,,,,,,1,1,,,1,,1
53924550,2,30,28,,30,,,,,,,,1
53924556,2,,,,,,1,1,,1,,,1
53943854,2,,,,,,1,1,,1,,,1
54163794,2,,,,,,1,1,1,,,,1
54203812,2,,,,,,1,1,,1,,,1
54223834,2,,,,,,1,1,,1,,,1
54263840,2,,,,,,1,1,1,,,,1
54761846,2,19,16,,18,,,,,,,,1
55061782,2,20,15,,20,,,,,,,,1
