Depth,POINTID,pH_CaCl2,pH_H2O,EC,OC,CaCO3,P,N,K,OC (20-30 cm),CaCO3 (20-30 cm),Ox_Al,Ox_Fe,NUTS_0,NUTS_1,NUTS_2,NUTS_3,TH_LAT,TH_LONG,SURVEY_DATE,Elev,LC,LU,LC0_Desc,LC1_Desc,LU1_Desc,target,predict
0-20 cm,47942860,7.3,7.77,22.3,16.6,2.0,10.5,1.9,279.0,,,,,AT,AT1,AT12,AT125,48.66760092,16.42865737,19-05-18,220,B11,U111,Cropland,Common wheat,Agriculture (excluding fallow land and kitchen gardens),3.96212814705766,3.9015934537291814
0-20 cm,47362636,3.7,4.45,6.36,65.0,,-1.0,3.3,88.0,,,,,AT,AT2,AT22,AT225,46.70080052,15.42655909,13-08-18,466,C10,U120,Woodland,Broadleaved woodland,Forestry,3.33846985186421,3.483212153185919
0-20 cm,45622768,4.0,4.41,34.8,52.3,,13.8,4.6,182.4,,,,,AT,AT3,AT32,AT323,47.97821812,13.22754121,29-05-18,545,E30,U120,Grassland,Spontaneously re-vegetated surfaces,Forestry,2.55079076560613,2.8260224297025105
0-20 cm,53242382,5.6,6.33,5.45,20.3,,14.9,1.9,182.7,,,,,BG,BG3,BG31,BG311,43.79231547,22.49764063,11-07-18,327,E10,U420,Grassland,Grassland with sparse tree/shrub cover,Semi-natural and natural areas not in use,4.06359002320664,4.055344326664181
0-20 cm,54422324,4.5,5.41,5.52,13.4,,13.6,1.2,110.4,,,1.3,3.5,BG,BG3,BG31,BG313,43.09199043,23.81732639,29-08-18,440,B16,U111,Cropland,Maize,Agriculture (excluding fallow land and kitchen gardens),4.44673005096883,4.264923100702134
0-20 cm,56102380,3.7,4.47,6.65,20.9,,17.0,1.6,110.0,,,,,BG,BG3,BG32,BG321,43.28680096,25.97559487,01-09-18,352,C10,U120,Woodland,Broadleaved woodland,Forestry,2.84057101803371,3.0670821776628108
0-20 cm,57122348,4.2,5.0,4.69,17.4,,-1.0,1.4,154.1,,,,,BG,BG3,BG34,BG341,42.80418445,27.12090159,23-09-18,260,C10,U120,Woodland,Broadleaved woodland,Forestry,2.51985358818045,2.9592705814509284
0-20 cm,53902268,5.7,6.18,9.9,35.9,1.0,10.6,2.8,778.4,,,,,BG,BG4,BG41,BG414,42.67919272,23.07609619,31-08-18,898,E10,U420,Grassland,Grassland with sparse tree/shrub cover,Semi-natural and natural areas not in use,4.79802027307058,4.109926122286545
0-20 cm,54922222,6.6,6.7,10.52,28.9,4.0,-1.0,2.1,140.0,,,,,BG,BG4,BG42,BG423,42.1052131,24.20217612,20-09-18,574,C32,U120,Woodland,Pine dominated mixed woodland,Forestry,2.79584729911227,3.2033964396202874
0-10 cm,29061990,6.5,6.68,69.1,14.0,2.0,14.6,1.5,117.1,,,,,ES,ES4,ES43,ES432,39.60937688,-6.531026492,21-05-18,457,E20,U111,Grassland,Grassland without tree/shrub cover,Agriculture (excluding fallow land and kitchen gardens),4.21866774980905,4.287670585632763
0-20 cm,63681618,7.4,8.16,13.47,2.3,507.0,-1.0,0.8,458.3,,,1.5,0.8,CY,CY0,CY00,CY000,34.89928866,32.5092367,04-10-18,415,B81,U111,Cropland,Olive groves,Agriculture (excluding fallow land and kitchen gardens),3.85384256959792,3.8490416935865275
0-20 cm,46623028,5.4,6.1,7.05,3.2,1.0,53.0,0.4,76.0,,,,,CZ,CZ0,CZ02,CZ020,50.26393765,14.78596475,01-08-18,208,B19,U111,Cropland,Other cereals,Agriculture (excluding fallow land and kitchen gardens),3.25454267723172,3.6634674800390106
0-20 cm,46282880,3.8,4.37,6.04,22.9,,45.1,1.6,75.4,,,,,CZ,CZ0,CZ03,CZ031,48.95453917,14.19315539,07-08-18,713,C23,U120,Woodland,Other coniferous woodland,Forestry,3.47647670508641,3.50793135148942
0-20 cm,46642928,4.3,5.28,6.95,20.7,,11.1,1.5,201.1,,,,,CZ,CZ0,CZ03,CZ031,49.36573982,14.72499588,23-07-18,429,E20,U111,Grassland,Grassland without tree/shrub cover,Agriculture (excluding fallow land and kitchen gardens),4.32606679606548,4.211428147099644
0-20 cm,46163088,2.8,3.34,14.17,109.1,,22.9,4.5,48.7,,,,,CZ,CZ0,CZ04,CZ042,50.8275023,14.1894247,01-08-18,449,C23,U120,Woodland,Other coniferous woodland,Forestry,3.63956984741794,3.5711646328067017
0-20 cm,47083048,3.5,4.02,12.82,66.4,,-1.0,3.6,81.1,,,,,CZ,CZ0,CZ05,CZ052,50.4143898,15.45018216,01-08-18,292,C33,U120,Woodland,Other mixed woodland,Forestry,3.8402516035682,3.693555908959319
0-20 cm,47582914,3.5,3.95,7.87,21.0,,21.8,1.5,50.3,,,,,CZ,CZ0,CZ06,CZ063,49.17863294,15.99985094,07-08-18,495,C33,U120,Woodland,Other mixed woodland,Forestry,2.42517714144116,3.194388990792734
0-20 cm,43162914,4.7,5.25,15.62,29.1,,47.0,3.3,172.4,,,,,DE,DE1,DE11,DE11A,49.33893917,9.931214671,27-05-18,471,B11,U111,Cropland,Common wheat,Agriculture (excluding fallow land and kitchen gardens),3.55924424466217,3.6072854681964692
0-20 cm,41823036,6.2,6.59,14.84,22.0,,33.1,2.2,298.8,,,,,DE,DE7,DE72,DE723,50.41928745,8.044049601,24-05-18,133,B11,U111,Cropland,Common wheat,Agriculture (excluding fallow land and kitchen gardens),3.18550398892348,3.443886984653927
0-20 cm,42223056,5.2,5.8,7.45,24.9,,17.5,2.7,60.3,,,,,DE,DE7,DE72,DE721,50.60726911,8.601438468,23-05-18,202,E20,U111,Grassland,Grassland without tree/shrub cover,Agriculture (excluding fallow land and kitchen gardens),4.76553539335678,4.457572143265012
0-20 cm,42323042,6.1,6.52,25.1,17.2,,56.2,2.0,254.2,,,,,DE,DE7,DE72,DE721,50.48305909,8.74603739,23-05-18,220,B18,U111,Cropland,Triticale,Agriculture (excluding fallow land and kitchen gardens),3.73723264182015,3.6638316738082097
0-20 cm,42483154,3.8,4.34,7.07,27.0,,24.4,1.6,43.1,,,,,DE,DE7,DE73,DE736,51.49196437,8.948883656,24-07-18,328,C10,U120,Woodland,Broadleaved woodland,Forestry,3.69053211213233,3.6525613026985586
0-20 cm,42683096,5.0,5.73,8.67,11.7,,37.6,1.1,108.3,,,,,DE,DE7,DE73,DE735,50.97288993,9.245429085,22-09-18,201,B55,U111,Cropland,Temporary grassland,Agriculture (excluding fallow land and kitchen gardens),4.44446172164621,4.208767698051046
0-20 cm,42763084,3.7,4.3,6.35,21.4,,16.5,1.3,54.1,,,1.4,2.3,DE,DE7,DE73,DE735,50.86570957,9.360804732,22-09-18,296,C10,U120,Woodland,Broadleaved woodland,Forestry,3.81264390150343,3.521492855017907
0-20 cm,42943084,3.8,4.28,6.07,24.0,,11.6,1.2,47.3,,,,,DE,DE7,DE73,DE733,50.86684024,9.616477132,22-09-18,372,C33,U120,Woodland,Other mixed woodland,Forestry,3.01207669850817,3.3858126086342972
0-20 cm,42843218,3.8,4.37,7.16,23.6,,16.0,1.6,50.0,,,,,DE,DE9,DE92,DE923,52.07066744,9.460399141,24-07-18,151,C10,U120,Woodland,Broadleaved woodland,Forestry,2.50441315625992,3.0705787417972266
0-20 cm,43023370,6.1,6.61,11.06,12.8,1.0,50.3,1.2,172.0,,,,,DE,DE9,DE93,DE939,53.43752308,9.71412843,22-05-18,36,B11,U111,Cropland,Common wheat,Agriculture (excluding fallow land and kitchen gardens),4.88161625673651,4.494951998370113
0-20 cm,41383284,4.2,4.72,4.94,14.7,,16.9,0.8,15.1,,,,,DE,DE9,DE94,DE949,52.63446537,7.296365611,25-06-18,8,C22,U120,Woodland,Pine dominated coniferous woodland,Forestry,1.54985175286496,1.9190568115351816
0-20 cm,41883154,3.7,4.18,8.87,31.6,,15.0,2.3,48.2,,,,,DE,DEA,DEA5,DEA5B,51.481013,8.085234529,23-07-18,226,C10,U361,Woodland,Broadleaved woodland,"Amenities, museum, leisure (e.g. parks, botanical gardens)",3.73581293618157,3.6960111832509424
0-20 cm,41642978,6.6,6.91,17.6,12.9,,61.5,1.5,394.8,,,0.7,2.8,DE,DEB,DEB1,DEB14,49.89347668,7.814925742,25-05-18,215,B82,U111,Cropland,Vineyards,Agriculture (excluding fallow land and kitchen gardens),3.61089258705607,3.7744878097698225
0-20 cm,44483636,7.1,7.69,18.53,8.7,5.0,88.2,1.1,275.9,,,,,DK,DK0,DK01,DK013,55.81217144,12.02472266,31-05-18,7,B37,U111,Cropland,Other non-permanent industrial crops,Agriculture (excluding fallow land and kitchen gardens),4.07984539380577,3.9582753638611945
0-20 cm,42863582,6.2,6.62,16.06,31.9,,32.2,2.3,113.1,,,,,DK,DK0,DK03,DK032,55.34173183,9.448639891,03-06-18,21,B11,U111,Cropland,Common wheat,Agriculture (excluding fallow land and kitchen gardens),3.77426017235414,3.7291001136704667
0-20 cm,43623698,5.7,6.26,9.95,13.9,,41.7,1.4,79.3,,,,,DK,DK0,DK04,DK042,56.38376611,10.66318953,20-05-18,-2,B13,U111,Cropland,Barley,Agriculture (excluding fallow land and kitchen gardens),3.53688985526286,3.9275566990924733
0-20 cm,52324108,7.2,7.38,15.13,17.4,14.0,15.1,1.8,99.0,,,,,EE,EE0,EE00,EE006,59.14237923,26.04236773,15-06-18,118,B11,U111,Cropland,Common wheat,Agriculture (excluding fallow land and kitchen gardens),4.58725328303587,4.138531363741653
0-20 cm,56702146,5.0,5.37,5.44,53.7,,-1.0,1.8,104.0,,,,,EL,EL5,EL51,EL511,41.1122436,26.12992704,04-09-18,368,C32,U120,Woodland,Pine dominated mixed woodland,Forestry,2.82428857493664,3.2476078793881715
0-20 cm,54662028,4.7,5.43,3.98,13.1,,-1.0,1.0,91.8,,,,,EL,EL5,EL52,EL527,40.42721629,23.50769361,23-07-18,884,C10,U120,Woodland,Broadleaved woodland,Forestry,3.34948240112963,3.3992741001891114
0-20 cm,52601984,4.9,5.46,10.49,27.8,,17.9,1.6,108.1,,,,,EL,EL5,EL53,EL532,40.33556297,21.0395725,23-09-18,1470,C21,U120,Woodland,Spruce dominated coniferous woodland,Forestry,3.70518579481254,3.7584630411194255
0-20 cm,52561940,5.7,6.12,8.09,45.1,2.0,-1.0,2.1,153.3,,,,,EL,EL5,EL54,EL543,39.94718008,20.92531755,24-09-18,1332,C22,U120,Woodland,Pine dominated coniferous woodland,Forestry,3.51017772068142,3.7547761911502797
0-20 cm,54581828,7.8,8.39,16.96,14.4,200.0,-1.0,1.1,286.0,,,,,EL,EL6,EL64,EL644,38.65922304,23.04925739,05-09-18,54,B23,U111,Cropland,Other root crops,Agriculture (excluding fallow land and kitchen gardens),3.34529545596593,3.5065733628478704
0-20 cm,53561644,6.3,6.87,11.75,20.6,,49.7,2.2,385.6,,,,,EL,EL6,EL65,EL653,37.16224415,21.60785898,24-09-18,114,B81,U111,Cropland,Olive groves,Agriculture (excluding fallow land and kitchen gardens),4.27014745230704,4.119005425919891
0-20 cm,54401670,6.0,6.24,5.98,19.0,1.0,34.0,1.6,62.0,,,,,EL,EL6,EL65,EL653,37.27522077,22.57974342,08-07-18,1256,C31,U120,Woodland,Spruce dominated mixed woodland,Forestry,3.38871218236544,3.5944177060745446
0-20 cm,28002400,5.2,5.76,17.13,53.7,1.0,130.2,4.9,82.1,,,,,ES,ES1,ES11,ES111,42.97971315,-8.815422826,25-06-18,380,B55,U111,Cropland,Temporary grassland,Agriculture (excluding fallow land and kitchen gardens),4.30725671973007,4.151552790214102
0-20 cm,28222378,4.5,5.24,7.59,134.3,1.0,-1.0,9.7,72.0,,,,,ES,ES1,ES11,ES111,42.83697702,-8.490892704,09-07-18,340,C10,U120,Woodland,Broadleaved woodland,Forestry,4.26974136178976,3.915823347882599
0-20 cm,28402378,5.1,5.64,11.48,101.1,1.0,-1.0,7.5,53.1,,,,,ES,ES1,ES11,ES111,42.87645195,-8.276175142,26-08-18,310,C33,U420,Woodland,Other mixed woodland,Semi-natural and natural areas not in use,3.29654442788014,3.41393024451801
0-20 cm,28742296,3.5,4.12,6.78,44.2,,-1.0,2.2,62.8,,,,,ES,ES1,ES11,ES113,42.23262181,-7.651527299,14-06-18,608,C22,U120,Woodland,Pine dominated coniferous woodland,Forestry,2.79374478233554,3.304330195500687
0-20 cm,29002406,3.7,4.1,44.0,155.9,,22.8,10.9,252.7,,,,,ES,ES1,ES11,ES112,43.24964473,-7.633657985,06-08-18,568,C10,U120,Woodland,Broadleaved woodland,Forestry,3.05596421347807,3.0381492757128745
0-20 cm,30002386,6.8,7.26,29.8,73.1,310.0,-1.0,4.1,89.5,,,,,ES,ES1,ES12,ES120,43.27762902,-6.376825822,21-05-18,443,E20,U111,Grassland,Grassland without tree/shrub cover,Agriculture (excluding fallow land and kitchen gardens),2.753574545367,3.0883664433199955
0-20 cm,32402336,4.2,4.47,38.5,40.6,,107.6,4.1,269.2,,,,,ES,ES2,ES21,ES213,43.26335656,-3.357599234,03-06-18,459,C10,U111,Woodland,Broadleaved woodland,Agriculture (excluding fallow land and kitchen gardens),2.87122947787043,3.030688525338158
0-20 cm,32902338,3.9,4.33,9.76,70.9,2.0,-1.0,4.2,68.7,,,,,ES,ES2,ES21,ES213,43.35928614,-2.753879952,07-08-18,480,C32,U120,Woodland,Pine dominated mixed woodland,Forestry,3.39860768713996,3.40544101683403
0-20 cm,33622266,6.5,7.08,9.98,13.7,1.0,24.2,1.8,236.6,,,2.1,3.7,ES,ES2,ES22,ES220,42.82474353,-1.746282738,22-07-18,467,B13,U111,Cropland,Barley,Agriculture (excluding fallow land and kitchen gardens),4.30763405825761,4.247758232890217
0-20 cm,33782062,7.2,7.6,13.98,12.9,7.0,13.8,1.5,232.9,,,0.8,1.6,ES,ES2,ES24,ES242,41.02737139,-1.210055627,25-06-18,1133,B14,U111,Cropland,Rye,Agriculture (excluding fallow land and kitchen gardens),4.21715374814347,4.206061248458946
0-20 cm,34382156,7.6,8.19,23.5,14.1,308.0,-1.0,1.7,270.9,,,,,ES,ES2,ES24,ES241,41.94533825,-0.649697887,03-06-18,453,E30,U112,Grassland,Spontaneously re-vegetated surfaces,Fallow land,3.76257754415433,3.5848977272075
0-10 cm,33502280,5.2,5.74,11.92,82.8,5.0,-1.0,5.0,290.5,,,,,ES,ES2,ES22,ES220,42.93237671,-1.916487638,22-07-18,612,C10,U120,Woodland,Broadleaved woodland,Forestry,3.06524521209854,3.1648933456014143
0-10 cm,34041890,7.7,8.11,21.9,21.9,485.0,20.7,2.1,450.6,,,,,ES,ES5,ES52,ES523,39.52255302,-0.643024526,19-04-18,256,B77,U111,Cropland,Other citrus fruit,Agriculture (excluding fallow land and kitchen gardens),3.42234465966253,3.690048360741752
0-20 cm,29422254,3.9,4.53,8.59,78.3,,-1.0,4.6,63.0,,,,,ES,ES4,ES41,ES419,42.00367699,-6.740804055,03-07-18,1328,C22,U120,Woodland,Pine dominated coniferous woodland,Forestry,4.05825286793337,3.9231581443807606
0-20 cm,29602142,4.5,5.19,5.15,6.1,,16.3,0.7,72.6,,,,,ES,ES4,ES41,ES415,41.05389506,-6.260458046,21-05-18,858,E20,U111,Grassland,Grassland without tree/shrub cover,Agriculture (excluding fallow land and kitchen gardens),3.95448878811957,4.175318155570828
0-20 cm,30302240,5.4,6.13,5.92,5.3,,10.6,0.8,69.3,,,0.5,0.8,ES,ES4,ES41,ES419,42.05045074,-5.666318532,25-06-18,813,B54,U111,Cropland,Mix of cereals,Agriculture (excluding fallow land and kitchen gardens),3.35493089089519,3.715788669391052
0-20 cm,30502272,7.4,7.91,19.53,9.6,8.0,63.8,1.2,170.1,,,,,ES,ES4,ES41,ES413,42.3697196,-5.502804551,31-07-18,836,B11,U111,Cropland,Common wheat,Agriculture (excluding fallow land and kitchen gardens),4.70112412803681,4.555901328671278
0-20 cm,30662118,6.6,7.16,7.19,5.7,1.0,19.3,0.7,217.0,,,,,ES,ES4,ES41,ES411,41.03893819,-4.97042043,16-07-18,858,B13,U111,Cropland,Barley,Agriculture (excluding fallow land and kitchen gardens),4.23582322857853,4.398024584038599
0-20 cm,30682088,5.0,5.75,9.36,4.4,1.0,-1.0,0.5,71.9,,,0.5,0.4,ES,ES4,ES41,ES411,40.77708962,-4.882945248,23-07-18,990,B14,U111,Cropland,Rye,Agriculture (excluding fallow land and kitchen gardens),3.79139739617938,3.903801068147441
0-20 cm,30802294,6.3,6.57,6.04,24.8,2.0,-1.0,1.7,89.5,,,,,ES,ES4,ES41,ES413,42.61871391,-5.19517191,31-07-18,966,C22,U120,Woodland,Pine dominated coniferous woodland,Forestry,3.73414574785305,3.7678978966485395
0-20 cm,31682218,7.7,8.2,16.57,11.8,189.0,13.9,1.2,410.4,,,,,ES,ES4,ES41,ES412,42.10005831,-3.979748478,30-07-18,853,B11,U111,Cropland,Common wheat,Agriculture (excluding fallow land and kitchen gardens),3.16100340425865,3.2557313345328636
0-20 cm,31722110,5.7,6.03,9.66,48.9,,15.5,4.3,238.2,,,,,ES,ES4,ES41,ES416,41.14901511,-3.713822764,21-08-18,1168,C10,U111,Woodland,Broadleaved woodland,Agriculture (excluding fallow land and kitchen gardens),3.78371435667492,3.6838730898024203
0-20 cm,30561996,6.5,7.04,8.32,10.8,1.0,18.8,1.2,192.8,,,,,ES,ES4,ES42,ES425,39.9413009,-4.828677771,30-07-18,419,B13,U111,Cropland,Barley,Agriculture (excluding fallow land and kitchen gardens),4.84821861983982,4.598892481420358
0-20 cm,31601976,7.4,8.33,14.71,10.1,268.0,-1.0,0.8,168.7,,,0.6,0.2,ES,ES4,ES42,ES425,39.93921503,-3.593470903,06-08-18,765,B81,U111,Cropland,Olive groves,Agriculture (excluding fallow land and kitchen gardens),4.3908827677119,4.102492107100969
0-20 cm,31681918,7.5,8.1,18.67,9.9,546.0,29.5,1.1,273.0,,,,,ES,ES4,ES42,ES425,39.43604671,-3.393221314,27-08-18,709,B13,U111,Cropland,Barley,Agriculture (excluding fallow land and kitchen gardens),4.07156495055312,4.038239680763383
0-20 cm,32522074,7.6,7.94,11.32,23.7,187.0,-1.0,2.1,444.2,,,,,ES,ES4,ES42,ES424,40.95488283,-2.70821843,14-08-18,1108,C10,U420,Woodland,Broadleaved woodland,Semi-natural and natural areas not in use,3.41434492972305,3.3161480858683388
0-20 cm,35582196,7.1,7.62,18.18,72.3,148.0,-1.0,4.6,253.5,,,,,ES,ES5,ES51,ES513,42.44605515,0.729634114,15-07-18,1338,C32,U420,Woodland,Pine dominated mixed woodland,Semi-natural and natural areas not in use,1.93998469837314,2.420679633038536
0-20 cm,28721676,7.5,7.98,17.95,13.4,347.0,-1.0,1.6,561.6,,,0.8,0.9,ES,ES6,ES61,ES612,36.76826601,-6.226268618,18-07-18,75,B31,U111,Cropland,Sunflower,Agriculture (excluding fallow land and kitchen gardens),4.08251320051621,3.7085152699816293
0-20 cm,28801616,7.6,8.1,18.29,10.9,296.0,-1.0,1.2,580.2,,,0.6,1.2,ES,ES6,ES61,ES612,36.25135201,-6.015987689,01-08-18,90,B12,U111,Cropland,Durum wheat,Agriculture (excluding fallow land and kitchen gardens),3.94581122735,3.8554676159310364
0-20 cm,29901692,7.7,8.21,18.28,9.5,534.0,25.1,1.0,195.1,,,0.7,0.4,ES,ES6,ES61,ES618,37.1270662,-4.96256813,25-06-18,493,B81,U111,Cropland,Olive groves,Agriculture (excluding fallow land and kitchen gardens),3.03693791812257,3.306140795003788
0-20 cm,30721756,7.6,8.28,15.23,9.2,209.0,-1.0,1.0,458.8,,,,,ES,ES6,ES61,ES616,37.83739715,-4.175512347,06-08-18,351,B81,U111,Cropland,Olive groves,Agriculture (excluding fallow land and kitchen gardens),2.75307307819644,3.216333130713068
0-20 cm,30881760,7.7,8.17,20.1,55.5,202.0,-1.0,0.8,338.7,,,,,ES,ES6,ES61,ES616,37.89963949,-4.004503883,06-08-18,386,B81,U111,Cropland,Olive groves,Agriculture (excluding fallow land and kitchen gardens),3.98589493698581,3.7428001447816275
0-20 cm,31141720,7.0,7.21,17.88,34.2,81.0,-1.0,2.6,520.7,,,,,ES,ES6,ES61,ES616,37.58562888,-3.642179272,06-08-18,1399,C22,U120,Woodland,Pine dominated coniferous woodland,Forestry,2.58421631700906,2.8318138407545983
0-20 cm,31141750,7.7,7.89,123.4,13.9,391.0,17.4,1.3,513.6,,,,,ES,ES6,ES61,ES616,37.85308975,-3.696095171,06-08-18,510,B81,U111,Cropland,Olive groves,Agriculture (excluding fallow land and kitchen gardens),3.88555424362829,3.782578450316314
0-20 cm,31141756,7.6,8.19,14.26,9.8,110.0,-1.0,1.0,717.7,,,,,ES,ES6,ES61,ES616,37.90656522,-3.706950383,29-05-18,378,B13,U111,Cropland,Barley,Agriculture (excluding fallow land and kitchen gardens),3.62784402429511,3.759718154747034
0-20 cm,31441666,6.1,6.25,62.1,28.3,1.0,12.0,1.8,70.2,,,,,ES,ES6,ES61,ES614,37.15119534,-3.215144248,06-08-18,1863,C22,U120,Woodland,Pine dominated coniferous woodland,Forestry,4.08196098835913,4.070040340193642
0-20 cm,32361730,7.4,8.02,16.93,13.3,278.0,-1.0,1.6,242.9,,,,,ES,ES6,ES61,ES611,37.86188429,-2.298966599,30-05-18,1126,E20,U111,Grassland,Grassland without tree/shrub cover,Agriculture (excluding fallow land and kitchen gardens),4.45643308430761,4.202110753095038
0-20 cm,49604542,2.9,3.81,9.94,476.4,,33.1,11.2,248.3,,,,,FI,FI1,FI19,FI195,63.45337932,22.8272633,05-06-18,36,C22,U120,Woodland,Pine dominated coniferous woodland,Forestry,2.53762207828912,2.7782647389118282
0-20 cm,49624302,5.3,5.74,29.9,179.1,1.0,39.1,11.7,209.9,,,,,FI,FI1,FI19,FI196,61.32712617,21.99628073,23-07-18,19,B11,U111,Cropland,Common wheat,Agriculture (excluding fallow land and kitchen gardens),4.20491490279438,4.065259533455405
0-20 cm,49704436,3.8,4.32,5.84,73.9,,19.3,2.2,73.5,,,,,FI,FI1,FI19,FI194,62.50006088,22.61731257,07-06-18,134,C23,U120,Woodland,Other coniferous woodland,Forestry,3.11137383431424,3.3123645092213554
0-20 cm,49724396,3.7,4.43,2.17,13.4,,14.2,0.6,11.7,,,,,FI,FI1,FI19,FI196,62.14319772,22.50901358,08-06-18,163,C22,U120,Woodland,Pine dominated coniferous woodland,Forestry,2.7682730428684,2.8438480041782013
0-20 cm,50004308,4.7,5.36,7.34,36.0,1.0,36.8,2.9,245.1,,,,,FI,FI1,FI19,FI197,61.32057821,22.71377312,23-07-18,87,C10,U120,Woodland,Broadleaved woodland,Forestry,3.14755972804402,3.4294186782663667
0-20 cm,50424512,3.7,4.4,5.36,47.8,,-1.0,1.8,67.5,,,,,FI,FI1,FI19,FI193,63.04669296,24.29892042,18-07-18,200,C32,U120,Woodland,Pine dominated mixed woodland,Forestry,2.94802970981639,3.0898459331243315
0-20 cm,49864226,5.0,5.57,10.91,80.0,,59.6,6.2,191.6,,,,,FI,FI1,FI1C,FI1C1,60.61783828,22.17906575,20-06-18,30,B15,U111,Cropland,Oats,Agriculture (excluding fallow land and kitchen gardens),3.51779829290075,3.5858341239912295
0-20 cm,51364282,3.5,4.09,9.44,35.3,,32.5,1.7,54.2,,,,,FI,FI1,FI1C,FI1C2,60.85226884,25.08018784,24-06-18,91,C31,U120,Woodland,Spruce dominated mixed woodland,Forestry,3.90814551870852,3.8049298244465524
0-20 cm,51544350,3.3,3.9,18.64,201.6,1.0,43.5,12.3,140.0,,,,,FI,FI1,FI1C,FI1C3,61.41243071,25.69478312,27-06-18,101,C31,U420,Woodland,Spruce dominated mixed woodland,Semi-natural and natural areas not in use,4.09809919929182,3.759629517107924
0-20 cm,52584292,3.5,4.04,11.0,184.2,,50.1,8.4,110.7,,,,,FI,FI1,FI1C,FI1C4,60.69000693,27.30100113,27-06-18,54,C23,U120,Woodland,Other coniferous woodland,Forestry,2.18544783202116,2.5937435777662037
0-20 cm,49764590,3.8,4.26,19.35,89.0,,72.6,6.2,97.9,,,,,FI,FI1,FI1D,FI1D5,63.85059045,23.33622052,05-06-18,16,B55,U111,Cropland,Temporary grassland,Agriculture (excluding fallow land and kitchen gardens),3.15004364837858,3.3992598383497854
0-20 cm,50324560,2.9,3.84,9.5,513.6,1.0,65.4,17.0,154.5,,,,,FI,FI1,FI1D,FI1D5,63.48714312,24.31229279,18-07-18,128,C22,U120,Woodland,Pine dominated coniferous woodland,Forestry,2.77833238341649,3.0689972945932
0-20 cm,50424986,4.1,4.71,2.49,17.2,,26.3,0.8,25.1,,,,,FI,FI1,FI1D,FI1D7,67.20265001,26.70986602,02-09-18,263,C22,U120,Woodland,Pine dominated coniferous woodland,Forestry,4.00348771209898,3.9622853962872306
0-20 cm,50584702,4.0,4.5,16.3,45.1,,46.3,2.9,120.5,,,1.0,2.7,FI,FI1,FI1D,FI1D9,64.68437834,25.49299343,15-08-18,40,B15,U111,Cropland,Oats,Agriculture (excluding fallow land and kitchen gardens),3.56067509006686,3.6662427238116075
0-20 cm,50604656,3.8,4.53,10.54,251.1,,58.4,12.9,92.8,,,,,FI,FI1,FI1D,FI1D9,64.27719769,25.30774837,16-09-18,138,C10,U120,Woodland,Broadleaved woodland,Forestry,3.40414736610971,3.41481204861912
0-20 cm,50904750,3.8,4.26,2.81,19.8,,-1.0,0.8,27.2,,,,,FI,FI1,FI1D,FI1D9,65.0388632,26.39396182,27-08-18,88,C23,U120,Woodland,Other coniferous woodland,Forestry,3.70569154298719,3.656849017141745
0-20 cm,51124738,3.6,4.51,15.58,526.0,,32.5,25.3,116.1,,,,,FI,FI1,FI1D,FI1D9,64.88731569,26.77897423,20-08-18,10136,C32,U120,Woodland,Pine dominated mixed woodland,Forestry,3.87700095759826,3.7015244567161187
0-20 cm,51464746,3.4,4.28,2.62,22.2,,-1.0,0.7,25.9,,,,,FI,FI1,FI1D,FI1D8,64.88221485,27.51508509,20-08-18,180,C32,U120,Woodland,Pine dominated mixed woodland,Forestry,4.29335968547426,3.959140117771612
0-20 cm,51464814,3.9,4.71,4.42,40.5,,30.8,2.2,43.5,,,,,FI,FI1,FI1D,FI1D9,65.47282706,27.90997649,13-08-18,179,C33,U120,Woodland,Other mixed woodland,Forestry,3.70568236312498,3.795037944278941
0-20 cm,51664756,4.1,4.6,3.37,69.6,,-1.0,2.3,32.7,,,,,FI,FI1,FI1D,FI1D8,64.92356232,27.97880323,20-08-18,235,C32,U120,Woodland,Pine dominated mixed woodland,Forestry,3.06506994830448,3.427276536945056
0-20 cm,52084354,4.4,5.02,5.55,31.3,1.0,23.8,1.7,56.3,,,,,FI,FI1,FI1D,FI1D1,61.33662904,26.69409124,27-06-18,92,C10,U120,Woodland,Broadleaved woodland,Forestry,4.65880261468739,4.208493522304836
0-20 cm,52584544,4.1,4.86,2.45,15.0,,16.3,0.6,22.8,,,,,FI,FI1,FI1D,FI1D2,62.87357638,28.58071949,10-07-18,134,C22,U120,Woodland,Pine dominated coniferous woodland,Forestry,2.13573137231427,2.3316595650751384
0-20 cm,52664748,4.0,4.74,8.55,81.1,,45.6,3.6,97.2,,,2.8,0.5,FI,FI1,FI1D,FI1D8,64.61196814,29.94232188,30-05-18,278,C31,U120,Woodland,Spruce dominated mixed woodland,Forestry,3.95139441960608,3.8019115257715828
0-20 cm,52844586,4.3,4.88,6.89,70.4,,17.2,3.5,62.5,,,,,FI,FI1,FI1D,FI1D3,63.17338065,29.31068925,30-06-18,10176,C21,U120,Woodland,Spruce dominated coniferous woodland,Forestry,2.76835097829867,3.3761305902465044
0-20 cm,53644594,4.3,4.77,2.37,14.5,,17.0,0.6,14.2,,,,,FI,FI1,FI1D,FI1D3,63.03802827,30.87295593,26-05-18,176,C22,U120,Woodland,Pine dominated coniferous woodland,Forestry,3.58293468994406,3.241205087538962
0-20 cm,53744506,4.1,4.65,4.66,28.8,,10.4,1.5,28.5,,,,,FI,FI1,FI1D,FI1D3,62.2592104,30.52627222,29-06-18,99,C31,U120,Woodland,Spruce dominated mixed woodland,Forestry,4.08281617221584,3.820228022894264
0-20 cm,37682906,7.0,7.47,21.5,16.7,3.0,45.5,1.5,200.0,,,,,FR,FR1,FR10,FR108,49.01094905,2.427599653,13-08-18,128,B11,U111,Cropland,Common wheat,Agriculture (excluding fallow land and kitchen gardens),4.12765835062832,4.12398936385485
0-20 cm,36442800,5.8,6.2,17.53,17.4,,45.6,1.8,125.4,,,,,FR,FRB,FRB0,FRB05,47.93851513,0.917572322,22-05-18,246,B12,U111,Cropland,Durum wheat,Agriculture (excluding fallow land and kitchen gardens),3.21590844837924,3.6992771296830536
0-20 cm,37242640,7.3,7.53,24.38,36.7,184.0,63.7,4.2,822.3,,,,,FR,FRB,FRB0,FRB01,46.59082362,2.201285013,09-10-18,284,B35,U111,Cropland,Other fibre and oleaginous crops,Agriculture (excluding fallow land and kitchen gardens),3.05849165950862,3.450872093835428
0-20 cm,37362642,6.4,7.06,26.49,14.6,3.0,54.8,1.6,124.9,,,1.9,4.0,FR,FRB,FRB0,FRB01,46.61994482,2.354481867,09-10-18,300,B55,U111,Cropland,Temporary grassland,Agriculture (excluding fallow land and kitchen gardens),3.22277473122488,3.7981690069409595
0-20 cm,37622758,6.0,6.46,12.01,18.2,,68.8,1.9,140.8,,,,,FR,FRB,FRB0,FRB06,47.6818123,2.545135409,21-08-18,203,B16,U111,Cropland,Maize,Agriculture (excluding fallow land and kitchen gardens),4.4685651327932,4.190644863119594
0-10 cm,40102842,6.6,6.9,27.1,98.9,10.0,13.9,5.8,629.3,,,,,FR,FRF,FRF3,FRF32,48.61130223,5.781381382,01-07-18,378,C10,U120,Woodland,Broadleaved woodland,Forestry,3.05126620328669,3.1772222684165365
0-20 cm,38942726,6.2,6.68,8.9,11.0,1.0,22.7,1.4,111.0,,,,,FR,FRC,FRC1,FRC11,47.5003427,4.330128052,08-08-18,314,B13,U111,Cropland,Barley,Agriculture (excluding fallow land and kitchen gardens),2.60316364812394,3.594801644151602
0-20 cm,39082708,5.9,6.35,9.53,31.8,,10.0,3.2,155.3,,,0.9,1.9,FR,FRC,FRC1,FRC11,47.34832101,4.532502585,07-08-18,553,B52,U111,Cropland,Lucerne,Agriculture (excluding fallow land and kitchen gardens),3.73506108407948,3.5791829398338186
0-20 cm,40602702,5.5,6.04,14.1,40.4,1.0,11.1,3.1,192.0,,,,,FR,FRC,FRC2,FRC21,47.37680036,6.545020118,23-07-18,485,C21,U120,Woodland,Spruce dominated coniferous woodland,Forestry,3.93034310839714,3.7357883998802994
0-20 cm,34862944,6.3,6.94,13.96,42.9,5.0,12.5,4.5,74.8,,,,,FR,FRD,FRD1,FRD12,49.02218739,-1.466599188,15-05-18,119,E20,U111,Grassland,Grassland without tree/shrub cover,Agriculture (excluding fallow land and kitchen gardens),4.42309577981859,3.9053670249533896
0-20 cm,36662908,6.3,6.72,8.48,11.4,,29.4,1.2,167.9,,,,,FR,FRD,FRD2,FRD21,48.92598184,1.039010948,10-07-18,201,B11,U111,Cropland,Common wheat,Agriculture (excluding fallow land and kitchen gardens),3.24285662321004,3.837262408353267
0-20 cm,37923106,5.7,5.81,60.25,16.1,,83.1,1.9,331.2,,,,,FR,FRE,FRE1,FRE11,50.82053194,2.478021083,24-06-18,84,B21,U111,Cropland,Potatoes,Agriculture (excluding fallow land and kitchen gardens),2.55784180756258,3.2250538943555718
0-20 cm,39023026,3.8,4.28,9.11,26.0,,16.0,2.3,67.9,,,,,FR,FRE,FRE1,FRE11,50.19506998,4.125376912,23-07-18,277,C10,U120,Woodland,Broadleaved woodland,Forestry,3.26070986888878,3.447849880394194
0-20 cm,41062870,5.5,5.76,13.94,43.5,,23.7,4.7,131.5,,,,,FR,FRF,FRF1,FRF11,48.90472178,7.067307164,22-05-18,274,E20,U111,Grassland,Grassland without tree/shrub cover,Agriculture (excluding fallow land and kitchen gardens),3.21179491228052,3.469333286189478
0-20 cm,38982814,7.2,7.49,19.09,10.7,4.0,61.0,1.3,254.8,,,0.4,1.7,FR,FRF,FRF2,FRF22,48.29232187,4.295477636,16-07-18,186,B13,U111,Cropland,Barley,Agriculture (excluding fallow land and kitchen gardens),4.06598574558519,4.198604001426271
0-20 cm,36142792,6.8,7.17,15.57,11.2,3.0,48.3,1.3,209.0,,,0.4,1.1,FR,FRG,FRG0,FRG04,47.83336419,0.532226349,11-09-18,186,B55,U111,Cropland,Temporary grassland,Agriculture (excluding fallow land and kitchen gardens),3.44550916050287,3.705081474496956
0-20 cm,36282804,6.5,6.87,10.79,12.4,,24.0,1.3,158.4,,,2.0,2.0,FR,FRG,FRG0,FRG04,47.95631663,0.698360914,11-09-18,214,B11,U111,Cropland,Common wheat,Agriculture (excluding fallow land and kitchen gardens),3.92786681233935,4.061859079841454
0-20 cm,32682930,6.0,6.26,15.93,35.4,1.0,57.8,4.0,272.7,,,,,FR,FRH,FRH0,FRH02,48.55592991,-4.363105188,06-06-18,98,B55,U111,Cropland,Temporary grassland,Agriculture (excluding fallow land and kitchen gardens),4.08511870885845,3.74632034852989
0-20 cm,32782906,6.0,6.15,15.07,26.8,,62.4,3.4,168.9,,,2.7,7.2,FR,FRH,FRH0,FRH02,48.36196835,-4.168964753,13-08-18,136,B16,U111,Cropland,Maize,Agriculture (excluding fallow land and kitchen gardens),2.20853871212305,3.2220116438592767
0-20 cm,33622846,6.0,6.42,25.46,31.0,,120.5,3.4,605.4,,,1.1,5.0,FR,FRH,FRH0,FRH04,47.97055214,-2.911898108,20-08-18,137,B16,U111,Cropland,Maize,Agriculture (excluding fallow land and kitchen gardens),2.85761328863568,3.3413157959099875
0-20 cm,34762834,4.7,5.07,5.6,21.3,,30.1,2.7,70.0,,,,,FR,FRH,FRH0,FRH03,48.03231507,-1.375893394,04-09-18,111,B55,U111,Cropland,Temporary grassland,Agriculture (excluding fallow land and kitchen gardens),3.28383162982272,3.7678232981880453
0-20 cm,36302512,4.2,4.9,5.95,50.6,,15.7,3.6,107.9,,,,,FR,FRI,FRI1,FRI11,45.35150457,1.17231289,26-06-18,349,C10,U120,Woodland,Broadleaved woodland,Forestry,4.03167662414022,3.7820457967280663
0-20 cm,35922588,5.2,5.81,3.97,17.3,,-1.0,1.9,65.2,,,,,FR,FRI,FRI3,FRI31,45.98852774,0.574130333,01-08-18,258,C10,U120,Woodland,Broadleaved woodland,Forestry,3.66668290502841,3.8433276387689745
0-20 cm,37682420,5.2,5.57,14.64,127.9,2.0,15.4,11.2,170.2,,,,,FR,FRJ,FRJ1,FRJ14,44.65888437,3.029480397,30-05-18,1269,E20,U111,Grassland,Grassland without tree/shrub cover,Agriculture (excluding fallow land and kitchen gardens),2.35024241658367,2.997106113348157
0-20 cm,38282398,4.0,4.55,5.8,51.1,,11.7,3.9,84.2,,,,,FR,FRJ,FRJ1,FRJ14,44.50897017,3.804393544,26-06-18,1363,C21,U120,Woodland,Spruce dominated coniferous woodland,Forestry,1.33672067761705,2.8021276209726036
0-20 cm,38562344,7.2,7.95,15.72,16.2,300.0,-1.0,1.8,160.2,,,,,FR,FRJ,FRJ1,FRJ12,44.04394582,4.204687793,12-06-18,209,B82,U111,Cropland,Vineyards,Agriculture (excluding fallow land and kitchen gardens),3.49229561770402,3.669629746232271
0-20 cm,37202358,4.6,5.29,7.15,36.7,,10.2,3.5,246.2,,,,,FR,FRJ,FRJ2,FRJ22,44.06093832,2.501758513,15-08-18,528,C10,U120,Woodland,Broadleaved woodland,Forestry,3.85976023198117,3.554606187885563
0-20 cm,37282438,4.0,4.66,7.68,74.8,,-1.0,3.6,198.0,,,,,FR,FRK,FRK1,FRK12,44.78544972,2.506517258,30-07-18,750,C10,U120,Woodland,Broadleaved woodland,Forestry,3.78756665030351,3.720712094810054
0-20 cm,39422470,4.1,4.9,5.48,35.1,,-1.0,2.0,88.6,,,,,FR,FRK,FRK2,FRK23,45.23177235,5.177683301,31-07-18,586,C32,U120,Woodland,Pine dominated mixed woodland,Forestry,4.02334862951001,3.5727143766323852
0-20 cm,40642274,4.6,5.43,4.58,21.5,,-1.0,1.4,72.1,,,,,FR,FRL,FRL0,FRL05,43.52576197,6.828074162,16-07-18,259,C10,U420,Woodland,Broadleaved woodland,Semi-natural and natural areas not in use,3.24007290267438,3.313278521073161
0-20 cm,47361656,6.6,7.13,18.54,14.6,3.0,-1.0,1.7,371.2,,,,,IT,ITG,ITG1,ITG13,37.86834532,14.68522597,01-07-18,1271,E20,U111,Grassland,Grassland without tree/shrub cover,Agriculture (excluding fallow land and kitchen gardens),3.29265619461601,3.6547377357677315
0-20 cm,43742350,6.6,7.0,34.2,95.6,53.0,12.6,5.7,281.8,,,,,IT,ITH,ITH5,ITH54,44.25825215,10.66227597,03-07-18,1090,C10,U120,Woodland,Broadleaved woodland,Forestry,4.49144585168869,3.8275897629932025
0-20 cm,45762134,7.0,7.6,16.75,15.5,20.0,-1.0,1.9,80.9,,,,,IT,ITI,ITI4,ITI42,42.26374329,13.08101475,18-07-18,739,E20,U111,Grassland,Grassland without tree/shrub cover,Agriculture (excluding fallow land and kitchen gardens),2.91086809109639,3.6626545135732598
0-20 cm,51103642,3.2,3.91,11.56,117.7,,23.4,5.3,97.1,,,,,LT,LT0,LT02,LT027,55.26601836,22.47820792,17-09-18,34,C21,U120,Woodland,Spruce dominated coniferous woodland,Forestry,2.97603730570445,3.117435918753597
0-20 cm,51903592,3.6,4.2,4.95,23.9,,42.4,1.4,28.3,,,,,LT,LT0,LT02,LT024,54.69597203,23.56594086,10-09-18,77,C23,U120,Woodland,Other coniferous woodland,Forestry,3.70720495516743,3.7611362109058044
0-20 cm,50263838,4.2,4.68,26.6,157.4,,20.5,9.7,66.1,,,,,LV,LV0,LV00,LV003,57.12513129,21.68759086,22-05-18,29,C31,U120,Woodland,Spruce dominated mixed woodland,Forestry,2.96256086514128,3.2128976665796642
0-20 cm,52383854,4.4,5.02,6.0,24.0,,-1.0,1.6,40.1,,,,,LV,LV0,LV00,LV007,56.91042378,25.16994548,11-09-18,110,C33,U120,Woodland,Other mixed woodland,Forestry,3.75558416130974,3.7772448305000346
0-20 cm,53403912,3.6,4.07,7.26,33.0,,15.5,1.7,39.5,,,,,LV,LV0,LV00,LV008,57.21175223,27.03186979,27-08-18,118,C21,U120,Woodland,Spruce dominated coniferous woodland,Forestry,2.84320756632893,3.129649454520157
0-20 cm,40783218,3.7,4.3,8.17,52.1,,126.6,3.9,41.6,,,,,NL,NL2,NL22,NL225,52.0188295,6.458655315,24-05-18,16,C10,U361,Woodland,Broadleaved woodland,"Amenities, museum, leisure (e.g. parks, botanical gardens)",4.51231885152371,4.074496004640402
0-20 cm,48883246,4.0,4.32,9.03,10.3,,84.0,1.0,24.9,,,,,PL,PL4,PL41,PL414,52.03350044,18.28268847,06-08-18,158,B14,U111,Cropland,Rye,Agriculture (excluding fallow land and kitchen gardens),4.40389875936218,4.32815036845725
0-20 cm,48903214,4.6,5.3,10.08,10.2,,76.2,1.1,141.3,,,0.6,1.7,PL,PL4,PL41,PL416,51.74600204,18.25889174,13-08-18,161,B11,U111,Cropland,Common wheat,Agriculture (excluding fallow land and kitchen gardens),4.21345250294234,4.281798715924276
0-20 cm,46503324,4.7,5.43,5.84,6.7,1.0,60.7,0.7,77.5,,,0.7,2.0,PL,PL4,PL42,PL427,52.9248318,14.89596423,04-06-18,122,B11,U111,Cropland,Common wheat,Agriculture (excluding fallow land and kitchen gardens),4.50001502602943,4.403687669660836
0-20 cm,46903344,3.9,4.06,8.75,5.9,,126.0,0.8,22.1,,,1.6,2.8,PL,PL4,PL42,PL427,53.07829199,15.51194482,11-09-18,119,B14,U111,Cropland,Rye,Agriculture (excluding fallow land and kitchen gardens),3.29988607542329,3.600924435820626
0-20 cm,46663262,3.8,4.31,6.8,22.4,,21.8,1.2,25.1,,,,,PL,PL4,PL43,PL431,52.35932895,15.06876574,06-09-18,173,C22,U120,Woodland,Pine dominated coniferous woodland,Forestry,4.03635544608229,3.8098509626153
0-20 cm,48743134,4.2,4.6,13.5,10.8,,123.8,1.2,109.7,,,,,PL,PL5,PL52,PL523,51.04790265,17.90349556,28-06-18,222,B16,U111,Cropland,Maize,Agriculture (excluding fallow land and kitchen gardens),4.23012505708873,4.166823012281625
0-20 cm,48903376,6.8,7.23,17.41,6.3,1.0,76.3,0.9,197.7,,,,,PL,PL6,PL61,PL613,53.19066428,18.53485692,30-07-18,123,B11,U111,Cropland,Common wheat,Agriculture (excluding fallow land and kitchen gardens),4.5130787207722,4.457032646695819
0-20 cm,49483302,5.4,6.07,5.97,8.1,,62.6,0.9,116.4,,,,,PL,PL6,PL61,PL619,52.46775432,19.25472929,06-09-18,157,B22,U111,Cropland,Sugar beet,Agriculture (excluding fallow land and kitchen gardens),4.00352248728197,3.8887928601648185
0-20 cm,49203450,7.1,7.43,72.2,115.1,178.0,43.1,13.4,108.4,,,,,PL,PL6,PL63,PL638,53.81717016,19.12117086,27-07-18,108,B32,U111,Cropland,Rape and turnip rape,Agriculture (excluding fallow land and kitchen gardens),4.20534638893607,4.033301210477465
0-20 cm,49343216,3.6,3.76,6.35,9.9,,73.6,0.9,22.2,,,,,PL,PL7,PL71,PL714,51.71741881,18.89544604,07-08-18,185,C22,U111,Woodland,Pine dominated coniferous woodland,Agriculture (excluding fallow land and kitchen gardens),3.30452733146576,3.272197989332857
0-20 cm,49443178,3.9,4.12,9.72,13.0,,40.7,1.3,40.2,,,,,PL,PL7,PL71,PL713,51.36784634,18.971868,13-08-18,206,B14,U111,Cropland,Rye,Agriculture (excluding fallow land and kitchen gardens),3.44769384015092,3.8410730115310763
0-20 cm,49523284,5.4,5.85,15.42,9.4,,76.1,1.2,151.5,,,0.4,0.9,PL,PL7,PL71,PL715,52.30293927,19.27933663,06-09-18,161,B11,U111,Cropland,Common wheat,Agriculture (excluding fallow land and kitchen gardens),3.98703060100049,4.134712526755206
0-20 cm,49963164,4.9,5.43,10.22,8.4,,41.3,1.0,79.5,,,,,PL,PL7,PL71,PL713,51.18362946,19.68647835,05-06-18,265,B54,U111,Cropland,Mix of cereals,Agriculture (excluding fallow land and kitchen gardens),3.99174987486506,4.0342445314813835
0-20 cm,50063158,5.0,5.55,10.79,11.6,,50.2,1.1,87.9,,,,,PL,PL7,PL71,PL713,51.11828485,19.81696245,13-08-18,268,B13,U111,Cropland,Barley,Agriculture (excluding fallow land and kitchen gardens),4.36624564290862,4.297856263161256
0-20 cm,51343172,5.7,5.97,16.06,10.1,,58.9,1.0,34.9,,,,,PL,PL7,PL72,PL722,51.07402683,21.65683465,19-05-18,224,B14,U111,Cropland,Rye,Agriculture (excluding fallow land and kitchen gardens),4.06561870597281,4.189036727596095
0-20 cm,51503186,3.9,4.56,5.43,8.2,,55.7,0.6,30.6,,,,,PL,PL8,PL81,PL815,51.17486869,21.91488357,19-05-18,170,C33,U120,Woodland,Other mixed woodland,Forestry,4.33415418407206,4.187675652706369
0-20 cm,51443008,4.8,5.42,9.93,23.7,,10.4,2.9,226.1,,,,,PL,PL8,PL82,PL821,49.60651056,21.43754089,29-05-18,362,E20,U111,Grassland,Grassland without tree/shrub cover,Agriculture (excluding fallow land and kitchen gardens),3.04628524942225,3.584896569193854
0-20 cm,51823018,5.1,5.65,16.89,18.9,,26.9,2.1,276.2,,,,,PL,PL8,PL82,PL821,49.64083553,21.97955866,10-09-18,420,B11,U111,Cropland,Common wheat,Agriculture (excluding fallow land and kitchen gardens),4.00063176483716,3.884583334486998
0-20 cm,51863338,4.5,4.91,13.77,10.9,,71.3,1.0,110.0,,,0.5,1.2,PL,PL8,PL84,PL842,52.46371303,22.8031206,05-10-18,195,B16,U111,Cropland,Maize,Agriculture (excluding fallow land and kitchen gardens),3.97025801241969,4.166130902101877
0-20 cm,50863206,4.6,4.92,15.74,11.5,,17.0,1.3,66.5,,,,,PL,PL9,PL92,PL921,51.44223025,21.05140219,25-05-18,216,E20,U111,Grassland,Grassland without tree/shrub cover,Agriculture (excluding fallow land and kitchen gardens),4.61213826110907,4.3302950741189195
0-20 cm,27742232,4.1,4.93,5.17,68.4,,-1.0,3.4,43.9,60.2,,,,PT,PT1,PT11,PT112,41.45714479,-8.655287129,12-07-18,191,C10,U120,Woodland,Broadleaved woodland,Forestry,4.20576374076464,3.9438128646445203
0-20 cm,28602222,6.4,6.89,21.0,21.0,6.0,17.4,1.3,128.3,28.7,,,,PT,PT1,PT11,PT11B,41.55520217,-7.624298224,31-07-18,739,E10,U420,Grassland,Grassland with sparse tree/shrub cover,Semi-natural and natural areas not in use,3.67255211347019,3.8042599243158413
0-20 cm,26942016,3.9,4.49,5.89,15.0,,-1.0,1.2,38.2,,,,,PT,PT1,PT16,PT16B,39.39184536,-8.998901767,16-08-18,242,C10,U120,Woodland,Broadleaved woodland,Forestry,3.44934678396974,3.3636257080522394
0-20 cm,28522106,4.2,4.53,17.68,78.2,,20.9,5.8,63.5,180.5,,,,PT,PT1,PT16,PT16J,40.5212293,-7.425186888,09-07-18,1304,C10,U120,Woodland,Broadleaved woodland,Forestry,3.77892943614845,3.646862057746098
0-20 cm,28542018,5.0,5.87,2.78,7.9,,-1.0,0.7,33.3,7.5,,,,PT,PT1,PT16,PT16H,39.75207571,-7.188806116,07-08-18,301,C10,U120,Woodland,Broadleaved woodland,Forestry,4.43928670499751,4.192756366030988
0-20 cm,27101814,5.4,5.81,4.61,20.7,,-1.0,1.8,81.8,12.9,,,,PT,PT1,PT18,PT184,37.65667873,-8.314985341,23-07-18,244,C10,U120,Woodland,Broadleaved woodland,Forestry,4.72630041386459,4.046471715949726
0-20 cm,27181846,5.7,6.3,8.15,5.1,,15.3,0.5,94.9,3.5,,1.5,0.8,PT,PT1,PT18,PT181,37.95506483,-8.303628792,02-07-18,117,B81,U111,Cropland,Olive groves,Agriculture (excluding fallow land and kitchen gardens),4.16975843293039,4.153423633506155
0-20 cm,27881848,7.3,8.14,16.57,9.0,147.0,-1.0,0.7,174.6,,,,,PT,PT1,PT18,PT184,38.12060219,-7.53140522,30-07-18,222,B13,U111,Cropland,Barley,Agriculture (excluding fallow land and kitchen gardens),3.91416633098134,4.023133277374728
0-20 cm,55602682,5.5,6.07,9.06,15.2,,41.8,1.6,244.8,,,1.6,1.1,RO,RO1,RO12,RO123,46.03454317,26.12904738,30-10-18,568,B11,U111,Cropland,Common wheat,Agriculture (excluding fallow land and kitchen gardens),4.67843671376145,4.282432969487266
0-20 cm,54662566,5.2,5.87,8.52,28.3,,-1.0,2.6,362.7,,,,,RO,RO3,RO31,RO311,45.18892659,24.65330631,25-10-18,533,C10,U120,Woodland,Broadleaved woodland,Forestry,4.81319758935183,4.258228787535905
0-20 cm,55382538,4.6,5.15,5.19,17.3,,4.8,1.6,100.1,,,,,RO,RO3,RO31,RO313,44.81198742,25.48282891,07-09-18,239,E20,U111,Grassland,Grassland without tree/shrub cover,Agriculture (excluding fallow land and kitchen gardens),4.65925601577891,4.400286692798358
0-20 cm,55942572,6.5,7.37,29.71,24.4,,12.0,2.3,115.5,,,,,RO,RO3,RO31,RO316,45.00381934,26.26496264,27-08-18,215,E20,U111,Grassland,Grassland without tree/shrub cover,Agriculture (excluding fallow land and kitchen gardens),4.77004919638683,4.436163665911393
0-20 cm,54262530,4.9,5.96,9.82,11.3,,18.2,1.4,290.7,,,0.7,1.2,RO,RO4,RO41,RO415,44.94037128,24.07015098,30-11-18,300,B16,U111,Cropland,Maize,Agriculture (excluding fallow land and kitchen gardens),4.37873299201872,4.2943679048622245
0-20 cm,46463950,4.4,4.99,9.98,83.5,,16.6,4.4,100.9,,,,,SE,SE1,SE12,SE123,58.53670859,15.57672649,19-06-18,47,C21,U120,Woodland,Spruce dominated coniferous woodland,Forestry,3.60829226585471,3.5672543784295456
0-20 cm,46683878,3.5,4.18,8.94,79.8,,17.6,3.2,114.7,,,,,SE,SE1,SE12,SE123,57.87586115,15.84721313,13-08-18,79,C32,U120,Woodland,Pine dominated mixed woodland,Forestry,4.04350337099832,3.7472447887714306
0-20 cm,47044134,3.5,4.4,9.81,89.4,,36.8,4.4,97.7,,,,,SE,SE1,SE12,SE121,60.13895763,16.88700529,23-05-18,71,C31,U120,Woodland,Spruce dominated mixed woodland,Forestry,3.51607009560789,3.43867180377414
0-20 cm,47064096,3.0,3.79,12.32,192.9,,21.6,5.3,132.3,,,,,SE,SE1,SE12,SE121,59.79714522,16.85331895,29-05-18,57,C22,U120,Woodland,Pine dominated coniferous woodland,Forestry,3.22158776466298,3.3755362059219878
0-20 cm,47103916,3.7,4.3,10.54,79.9,,17.5,3.3,139.4,,,,,SE,SE1,SE12,SE123,58.18312332,16.61287119,06-08-18,7,C21,U120,Woodland,Spruce dominated coniferous woodland,Forestry,3.40922257143542,3.4324048343830915
0-20 cm,47884132,3.4,4.21,14.01,266.8,,27.0,10.1,218.0,,,,,SE,SE1,SE12,SE121,60.03983972,18.3802633,06-06-18,16,C21,U120,Woodland,Spruce dominated coniferous woodland,Forestry,3.11157468823687,2.9910701655137144
0-20 cm,46843766,3.1,4.03,16.79,192.9,,46.0,6.6,175.9,,,,,SE,SE2,SE21,SE213,56.86111275,15.95305881,15-08-18,58,C22,U120,Woodland,Pine dominated coniferous woodland,Forestry,3.78284039536635,3.4809217346740913
0-20 cm,46923874,4.5,5.17,9.03,37.5,,15.2,2.2,100.4,,,,,SE,SE2,SE21,SE213,57.82180732,16.24356947,23-07-18,22,C21,U120,Woodland,Spruce dominated coniferous woodland,Forestry,4.12086204680654,3.952547850976951
0-20 cm,45123664,4.6,5.0,24.06,22.1,,45.5,2.1,48.1,,,,,SE,SE2,SE22,SE224,56.04329814,13.06361708,27-05-18,69,B53,U111,Cropland,Other Leguminous  and mixtures for fodder,Agriculture (excluding fallow land and kitchen gardens),4.33360603573912,4.094049326484098
0-20 cm,46383708,3.4,4.1,21.1,319.8,,36.6,12.7,130.5,,,,,SE,SE2,SE22,SE221,56.37349438,15.13123365,11-07-18,73,C31,U120,Woodland,Spruce dominated mixed woodland,Forestry,4.25323999508752,3.9038602844260915
0-20 cm,44083936,3.4,4.15,20.2,142.4,,25.9,7.3,111.4,,,,,SE,SE2,SE23,SE232,58.5170271,11.49037055,29-08-18,76,C21,U120,Woodland,Spruce dominated coniferous woodland,Forestry,3.01114117361931,3.1086203484570225
0-20 cm,44383872,3.3,4.23,30.2,275.4,,41.6,11.5,325.8,,,,,SE,SE2,SE23,SE232,57.93515916,11.97244825,14-08-18,120,C23,U120,Woodland,Other coniferous woodland,Forestry,4.14242768706034,3.631208989577179
0-20 cm,45203698,2.9,3.88,15.55,298.0,,20.5,13.1,172.3,,,,,SE,SE2,SE23,SE231,56.34540214,13.21690869,22-10-18,34,C10,U120,Woodland,Broadleaved woodland,Forestry,3.36545101510738,3.4714109158007407
0-20 cm,45323868,3.8,4.63,12.98,85.9,1.0,29.9,5.2,94.9,,,,,SE,SE2,SE23,SE232,57.86655256,13.55167679,18-09-18,214,C21,U120,Woodland,Spruce dominated coniferous woodland,Forestry,2.42553903954498,2.8123020206641116
0-20 cm,45403766,3.1,3.98,11.11,88.3,,35.4,3.5,101.2,,,,,SE,SE2,SE23,SE231,56.94729164,13.59660746,11-07-18,161,C31,U120,Woodland,Spruce dominated mixed woodland,Forestry,2.84414273224164,3.2807737675096496
0-20 cm,44444080,3.8,4.32,12.26,62.4,,14.3,3.8,98.4,,,,,SE,SE3,SE31,SE311,59.80354236,12.18632322,18-10-18,120,C31,U120,Woodland,Spruce dominated mixed woodland,Forestry,3.85898500487938,3.602767108688386
0-20 cm,44784322,3.8,4.45,8.33,99.6,,-1.0,3.4,105.3,,,,,SE,SE3,SE31,SE312,61.9694544,12.98244724,20-08-18,8888,C22,U120,Woodland,Pine dominated coniferous woodland,Forestry,3.81110255997449,3.884771561722073
0-20 cm,44844134,3.8,4.69,4.99,27.3,,20.3,1.4,36.9,,,,,SE,SE3,SE31,SE311,60.27612864,12.93857536,30-09-18,355,C22,U120,Woodland,Pine dominated coniferous woodland,Forestry,3.03047200457286,3.33134793925601
0-20 cm,44884094,3.4,4.43,7.25,36.8,,27.7,1.6,86.7,,,,,SE,SE3,SE31,SE311,59.9150203,12.97863858,30-09-18,229,C21,U120,Woodland,Spruce dominated coniferous woodland,Forestry,3.6517480901977,3.5964671758735576
0-20 cm,45184078,3.4,4.3,2.5,9.4,,-1.0,0.5,18.1,,,,,SE,SE3,SE31,SE311,59.75891108,13.49810873,07-10-18,184,C21,U120,Woodland,Spruce dominated coniferous woodland,Forestry,3.02517315574575,3.0274311685301014
0-20 cm,45284100,3.6,4.25,2.72,10.6,,-1.0,0.7,13.8,,,,,SE,SE3,SE31,SE311,59.9520172,13.6968032,15-10-18,266,C21,U120,Woodland,Spruce dominated coniferous woodland,Forestry,2.7591298770775,2.9012188579629967
0-20 cm,45884278,3.6,4.35,9.22,106.9,,13.0,3.0,162.7,,,,,SE,SE3,SE31,SE313,61.5177605,15.00321645,15-10-18,428,C22,U120,Woodland,Pine dominated coniferous woodland,Forestry,4.04141469590305,3.885712622760413
0-20 cm,45904216,3.7,4.6,7.82,94.5,,14.5,3.8,87.6,,,,,SE,SE3,SE31,SE312,60.95982524,14.95407017,23-09-18,206,C31,U120,Woodland,Spruce dominated mixed woodland,Forestry,3.20621281586234,3.3841662742722183
0-20 cm,46064206,4.9,5.63,8.56,64.4,,-1.0,3.2,57.1,,,,,SE,SE3,SE31,SE312,60.85970165,15.23324849,23-09-18,316,C32,U120,Woodland,Pine dominated mixed woodland,Forestry,4.25476995367937,4.038029073733814
0-20 cm,46284248,3.2,4.08,15.31,174.6,,27.1,5.5,245.0,,,,,SE,SE3,SE31,SE313,61.22122634,15.70146814,13-09-18,252,C22,U120,Woodland,Pine dominated coniferous woodland,Forestry,1.44440545700354,2.2674142160528206
0-20 cm,46604310,3.9,4.66,45.6,406.9,,34.4,19.6,332.5,,,,,SE,SE3,SE31,SE313,61.75251011,16.40363949,18-09-18,171,C31,U120,Woodland,Spruce dominated mixed woodland,Forestry,3.79463767637473,3.5026310650786256
0-20 cm,46664162,4.1,4.63,10.82,39.5,,11.4,2.7,101.3,,,,,SE,SE3,SE31,SE312,60.42136058,16.25425028,01-10-18,115,C22,U120,Woodland,Pine dominated coniferous woodland,Forestry,3.6299601775014,3.6640370867206453
0-20 cm,46784220,4.4,4.75,34.5,66.1,,14.6,3.2,100.0,,,,,SE,SE3,SE31,SE313,60.93118018,16.57377856,01-10-18,142,C10,U120,Woodland,Broadleaved woodland,Forestry,4.05195723776683,3.749034097376813
0-20 cm,47144152,4.3,4.88,10.14,92.2,,19.1,5.7,161.2,,,,,SE,SE3,SE31,SE313,60.29116309,17.09978895,10-09-18,80,C21,U120,Woodland,Spruce dominated coniferous woodland,Forestry,4.03220907149725,3.2630854486180474
0-20 cm,45124486,4.4,4.96,10.62,59.6,,-1.0,3.0,60.6,,,,,SE,SE3,SE32,SE322,63.43082131,13.80812825,23-07-18,450,C21,U120,Woodland,Spruce dominated coniferous woodland,Forestry,2.99340909172611,3.940458461394429
0-20 cm,45564332,3.9,4.56,3.24,15.1,,-1.0,0.7,19.7,,,,,SE,SE3,SE32,SE322,62.02223889,14.47368849,15-10-18,397,C22,U120,Woodland,Pine dominated coniferous woodland,Forestry,2.68860177862804,2.552500358985532
0-20 cm,45844474,3.4,4.16,11.73,61.0,,40.5,2.4,140.8,,,,,SE,SE3,SE32,SE322,63.28111813,15.21980854,23-07-18,338,C22,U120,Woodland,Pine dominated coniferous woodland,Forestry,2.87291949834493,3.548734556086854
0-20 cm,46064580,3.2,4.02,10.08,477.9,,54.1,14.0,555.3,,,,,SE,SE3,SE32,SE322,64.218082,15.8435848,01-10-18,299,C21,U120,Woodland,Spruce dominated coniferous woodland,Forestry,3.90175041033683,3.1103184672531383
0-20 cm,47344522,3.8,4.47,9.68,59.7,,25.9,3.2,98.7,,,,,SE,SE3,SE32,SE321,63.58151477,18.29481698,24-07-18,112,C31,U120,Woodland,Spruce dominated mixed woodland,Forestry,3.40878522328685,3.5393658614494035
0-20 cm,46324670,3.5,4.2,4.66,26.4,,26.6,0.9,31.0,,,,,SE,SE3,SE33,SE331,65.00586517,16.56126493,24-07-18,445,C31,U120,Woodland,Spruce dominated mixed woodland,Forestry,2.80938468211112,3.887847559597981
0-20 cm,47584660,3.1,4.0,5.22,332.8,,30.2,7.4,245.0,,,,,SE,SE3,SE33,SE331,64.78831154,19.16239865,10-09-18,262,C22,U120,Woodland,Pine dominated coniferous woodland,Forestry,3.19542197164385,2.7274233217793893
0-20 cm,48004842,3.2,3.96,5.77,55.5,,43.4,1.4,36.8,,,,,SE,SE3,SE33,SE332,66.35899239,20.66321891,17-09-18,169,C32,U120,Woodland,Pine dominated mixed woodland,Forestry,3.93922236631482,3.4399876970300456
0-20 cm,48004986,4.7,5.28,9.6,73.9,,-1.0,4.2,39.2,,,,,SE,SE3,SE33,SE332,67.64239547,21.23016765,21-08-18,312,C31,U120,Woodland,Spruce dominated mixed woodland,Forestry,3.77634459067902,3.6409364029506253
0-20 cm,48084764,3.8,4.45,15.17,177.8,,19.4,5.7,185.8,,,,,SE,SE3,SE33,SE332,65.65280266,20.55233739,21-08-18,160,C32,U120,Woodland,Pine dominated mixed woodland,Forestry,2.18645187380759,2.7956243241660443
0-20 cm,48204840,3.3,4.11,7.23,71.6,,25.1,2.2,102.3,,,,,SE,SE3,SE33,SE332,66.31296148,21.09295459,17-09-18,156,C21,U120,Woodland,Spruce dominated coniferous woodland,Forestry,3.82933402894397,3.315378520288273
0-20 cm,48504726,3.2,4.06,4.43,21.1,,25.7,0.9,33.5,,,,,SE,SE3,SE33,SE332,65.25525991,21.30186614,13-08-18,18,C22,U120,Woodland,Pine dominated coniferous woodland,Forestry,2.69616615577096,3.575168301586939
0-20 cm,48524982,3.9,4.67,4.04,36.1,,22.9,1.4,33.7,,,,,SE,SE3,SE33,SE332,67.52675156,22.40464804,21-08-18,269,C32,U120,Woodland,Pine dominated mixed woodland,Forestry,4.01332552699679,3.6939882553137724
0-20 cm,48544698,3.2,4.12,5.74,68.0,,37.4,2.6,47.3,,,,,SE,SE3,SE33,SE331,65.00051385,21.28136064,09-09-18,31,C22,U120,Woodland,Pine dominated coniferous woodland,Forestry,2.69826190228213,3.5325178732945774
0-20 cm,48724914,4.0,4.86,3.01,17.1,,25.2,0.8,30.7,,,,,SE,SE3,SE33,SE332,66.89088896,22.54751823,19-08-18,190,C32,U120,Woodland,Pine dominated mixed woodland,Forestry,4.01663307941057,3.867824905812521
0-20 cm,48924934,4.4,5.11,3.17,16.9,,25.9,0.8,35.3,,,,,SE,SE3,SE33,SE332,67.03485546,23.08536266,14-08-18,251,C32,U120,Woodland,Pine dominated mixed woodland,Forestry,4.66413083691701,3.9377101087386754
0-20 cm,49384832,3.4,4.28,17.28,456.3,,27.5,18.7,334.1,,,,,SE,SE3,SE33,SE332,66.05324344,23.61484961,31-07-18,51,C23,U120,Woodland,Other coniferous woodland,Forestry,2.8086407826538,3.5063207353852337
0-20 cm,47302554,3.9,4.52,7.185,20.45,,-1.0,1.65,87.25,,,,,SI,SI0,SI03,SI036,45.96836011,15.27525182,07-08-18,532,C10,U120,Woodland,Broadleaved woodland,Forestry,3.39682445579029,3.195017312238557
